"gene_id","WT1","WT2","WT3","flavodoxin1","flavodoxin2","flavodoxin3"
"CF003_RS10770",18729,12932,15916,16718,11469,15022
"CF003_RS10785",25,29,20,12,16,16
"CF003_RS10790",504,410,450,1070,931,587
"CF003_RS10795",102,79,60,47,41,56
"CF003_RS10800",58,60,47,47,45,51
"CF003_RS10815",166,140,155,170,168,160
"CF003_RS10820",929,549,586,325,406,323
"CF003_RS10825",233,180,181,199,237,208
"CF003_RS10830",223,220,219,323,296,340
"CF003_RS10835",170,161,198,250,220,265
"CF003_RS10840",143,156,127,96,97,110
"CF003_RS10845",66,85,64,38,35,48
"CF003_RS10850",56,67,69,50,54,54
"CF003_RS10855",125,109,137,56,63,64
"CF003_RS10860",403,328,368,256,224,206
"CF003_RS10865",63,56,43,41,39,52
"CF003_RS10870",169,118,104,88,102,98
"CF003_RS10880",767,637,544,219,244,205
"CF003_RS10885",961,1135,865,217,266,222
"CF003_RS10890",383,436,310,105,138,144
"CF003_RS10895",1104,1558,902,262,331,292
"CF003_RS10900",651,1033,641,83,112,116
"CF003_RS10905",179,147,217,89,108,90
"CF003_RS10910",12,8,4,2,1,3
"CF003_RS10915",55,40,43,25,31,36
"CF003_RS10920",15,10,9,9,9,12
"CF003_RS10925",37,35,29,32,36,44
"CF003_RS10930",87,73,94,68,63,71
"CF003_RS10935",141,136,161,155,205,215
"CF003_RS10940",254,223,262,187,195,170
"CF003_RS10945",1901,1439,1749,643,538,685
"CF003_RS10955",159,146,161,91,77,84
"CF003_RS10960",956,791,613,461,610,627
"CF003_RS10965",101,100,103,120,142,130
"CF003_RS10975",553,265,537,195,195,185
"CF003_RS10980",403,633,355,206,408,222
"CF003_RS10985",304,471,390,139,289,205
"CF003_RS10990",209,210,229,126,127,156
"CF003_RS10995",70,55,72,30,34,36
"CF003_RS11010",121,126,126,54,62,58
"CF003_RS11015",480,509,529,204,232,238
"CF003_RS11020",270,282,272,112,127,133
"CF003_RS11025",583,679,717,389,467,349
"CF003_RS11030",494,522,540,356,358,298
"CF003_RS11035",328,341,343,220,240,225
"CF003_RS11040",131,148,95,96,109,92
"CF003_RS11045",82,108,63,64,61,68
"CF003_RS11050",133,117,113,109,149,116
"CF003_RS11055",50,34,41,43,58,39
"CF003_RS11060",50,52,43,107,138,86
"CF003_RS11065",25,27,22,51,65,48
"CF003_RS11070",26,36,24,43,59,65
"CF003_RS11075",197,249,335,167,168,213
"CF003_RS11080",323,313,228,154,182,158
"CF003_RS11085",353,431,340,228,261,213
"CF003_RS11090",348,328,292,245,267,264
"CF003_RS11095",666,669,577,452,485,433
"CF003_RS11100",293,286,309,306,321,332
"CF003_RS11105",234,178,215,186,206,233
"CF003_RS11110",390,295,282,264,336,361
"CF003_RS11115",305,243,307,232,243,268
"CF003_RS11120",20,29,18,9,8,13
"CF003_RS11125",91,92,76,29,38,32
"CF003_RS11130",0,0,0,1,0,0
"CF003_RS11135",96,79,61,56,56,63
"CF003_RS11140",84,116,79,52,62,74
"CF003_RS11145",48,73,43,44,53,79
"CF003_RS11150",61,52,42,74,106,89
"CF003_RS11155",75,87,60,82,106,72
"CF003_RS11160",65,84,67,44,67,74
"CF003_RS11165",283,311,255,90,104,115
"CF003_RS11170",78,83,70,37,34,50
"CF003_RS11180",7898,7806,5316,4722,8068,6809
"CF003_RS11185",195,195,167,109,118,129
"CF003_RS11190",212,206,142,89,98,110
"CF003_RS11195",185,138,130,109,115,127
"CF003_RS11200",256,206,190,141,138,162
"CF003_RS11210",75,71,70,71,72,107
"CF003_RS11215",362,331,363,291,289,411
"CF003_RS11220",309,313,280,171,189,215
"CF003_RS11240",110,92,193,16,27,27
"CF003_RS11245",5774,5590,4657,224,190,361
"CF003_RS11250",476,471,463,59,51,78
"CF003_RS11255",124,48,83,24,51,49
"CF003_RS11260",195,108,209,65,57,62
"CF003_RS11265",218,183,166,149,161,170
"CF003_RS11275",86,99,98,30,34,58
"CF003_RS11280",94,130,134,71,51,172
"CF003_RS11285",95,145,112,48,46,89
"CF003_RS11290",101,170,189,76,87,88
"CF003_RS11295",113,165,226,61,90,66
"CF003_RS11305",79,107,110,47,51,44
"CF003_RS11310",82,100,116,64,75,66
"CF003_RS11315",55,82,96,39,55,34
"CF003_RS11320",57,80,77,39,46,36
"CF003_RS11325",27,43,31,13,15,12
"CF003_RS11330",41,54,59,19,24,24
"CF003_RS11335",33,34,32,21,19,21
"CF003_RS11340",33,43,52,33,36,33
"CF003_RS11345",1563,1218,1625,1961,1881,2917
"CF003_RS11350",93,109,100,77,72,91
"CF003_RS11355",95,87,62,53,71,75
"CF003_RS11360",75,51,48,47,71,77
"CF003_RS11365",287,268,194,175,201,197
"CF003_RS11370",118,110,82,63,66,76
"CF003_RS11375",48,53,35,38,45,49
"CF003_RS11380",77,71,56,47,51,40
"CF003_RS11385",130,173,157,120,112,218
"CF003_RS11395",111,87,81,130,146,130
"CF003_RS11400",140,123,126,185,204,179
"CF003_RS11405",300,216,254,399,459,352
"CF003_RS11410",526,355,628,645,802,530
"CF003_RS11415",206,169,180,70,81,108
"CF003_RS11420",332,319,334,296,326,363
"CF003_RS11425",540,424,381,639,718,584
"CF003_RS11430",373,322,333,105,105,113
"CF003_RS11435",136,122,81,116,123,137
"CF003_RS11440",122,84,107,98,101,108
"CF003_RS11445",177,165,113,78,95,109
"CF003_RS11450",173,128,87,123,151,142
"CF003_RS11455",134,81,74,97,108,145
"CF003_RS11460",1655,895,943,1345,1426,1543
"CF003_RS11465",90,72,47,93,92,95
"CF003_RS11470",102,80,69,93,101,93
"CF003_RS11475",123,94,82,104,110,114
"CF003_RS11480",112,109,101,127,126,138
"CF003_RS11485",135,98,104,185,173,229
"CF003_RS11490",140,121,81,201,196,221
"CF003_RS11495",126,116,110,145,151,181
"CF003_RS11500",213,174,130,204,210,216
"CF003_RS11505",84,73,70,55,56,49
"CF003_RS11510",154,116,105,70,73,88
"CF003_RS11515",149,120,128,55,59,73
"CF003_RS11520",137,114,101,71,61,82
"CF003_RS11525",804,920,820,1067,930,1052
"CF003_RS11530",418,509,412,424,374,299
"CF003_RS11535",1934,1737,2061,587,733,371
"CF003_RS11540",290,196,243,132,159,121
"CF003_RS11545",42,50,36,19,20,25
"CF003_RS11550",71,67,78,32,32,38
"CF003_RS11555",59,52,48,30,25,35
"CF003_RS11560",1570,1472,1444,581,493,775
"CF003_RS11570",238,243,215,148,155,173
"CF003_RS11575",250,278,214,158,159,158
"CF003_RS11580",168,172,185,159,157,160
"CF003_RS11585",360,358,399,192,190,163
"CF003_RS11590",91,103,91,14,19,22
"CF003_RS11600",160,150,178,77,86,90
"CF003_RS11610",11,18,24,11,9,15
"CF003_RS11615",46,66,69,17,21,18
"CF003_RS11620",72,114,82,33,29,30
"CF003_RS11625",33,42,46,29,33,30
"CF003_RS11630",106,128,139,54,63,36
"CF003_RS11635",653,396,681,1820,1823,1076
"CF003_RS11645",3779,4774,4664,7728,7795,8049
"CF003_RS11650",3962,5219,5188,8680,9009,7707
"CF003_RS11660",691,769,685,380,409,468
"CF003_RS11665",1096,1508,1249,387,409,493
"CF003_RS11670",659,841,661,181,156,208
"CF003_RS11675",498,658,555,184,192,252
"CF003_RS11680",785,662,955,248,261,331
"CF003_RS11685",604,571,921,257,247,356
"CF003_RS11690",46,48,72,31,32,35
"CF003_RS11695",453,240,367,100,109,95
"CF003_RS11700",374,504,361,286,247,348
"CF003_RS11705",38,56,39,8,6,14
"CF003_RS11710",74,85,57,49,44,67
"CF003_RS11715",131,134,136,72,71,94
"CF003_RS11720",196,204,149,87,76,104
"CF003_RS11725",456,455,377,174,166,200
"CF003_RS11730",95,114,87,43,47,67
"CF003_RS11735",47,40,50,29,22,48
"CF003_RS11740",67,84,71,48,48,61
"CF003_RS11750",247,489,260,33,59,47
"CF003_RS11755",60,48,40,45,56,49
"CF003_RS11760",108,100,83,98,100,105
"CF003_RS11765",80,77,54,65,68,81
"CF003_RS11770",157,150,131,97,107,127
"CF003_RS11780",130,116,117,25,17,24
"CF003_RS11785",137,116,81,31,31,35
"CF003_RS11790",63,74,69,20,16,34
"CF003_RS11795",176,226,131,106,94,154
"CF003_RS11800",177,185,156,100,86,128
"CF003_RS11805",3,3,5,4,3,3
"CF003_RS11810",8,7,5,5,3,6
"CF003_RS11815",2,2,0,4,3,0
"CF003_RS11820",2,3,3,4,8,6
"CF003_RS11830",70,73,63,52,45,75
"CF003_RS11835",151,150,124,126,101,179
"CF003_RS11840",160,149,178,77,85,89
"CF003_RS11845",166,145,129,273,291,250
"CF003_RS11850",53,56,40,31,34,43
"CF003_RS11855",99,93,97,65,74,76
"CF003_RS11865",841,672,931,613,521,579
"CF003_RS11870",123,72,99,79,82,95
"CF003_RS11875",693,838,822,1800,1538,1897
"CF003_RS11885",34,31,50,6,6,14
"CF003_RS11890",61,86,67,29,28,33
"CF003_RS11895",642,499,508,68,84,76
"CF003_RS11900",389,384,372,34,42,51
"CF003_RS11905",122,137,157,54,51,78
"CF003_RS11910",3763,4007,4210,2535,2287,2349
"CF003_RS11915",3224,3312,2902,1498,1445,1441
"CF003_RS11920",3429,3628,4092,1525,1466,1665
"CF003_RS11925",2579,1986,2782,2489,2361,1147
"CF003_RS11930",3688,1791,2029,2007,1879,1182
"CF003_RS11940",43,38,55,11,17,18
"CF003_RS11945",1654,1373,1764,641,739,788
"CF003_RS11955",511,381,519,138,132,204
"CF003_RS11960",1084,894,857,312,330,357
"CF003_RS11965",584,423,466,279,310,306
"CF003_RS11970",173,196,253,91,96,112
"CF003_RS11975",186,329,212,86,116,127
"CF003_RS11980",229,395,244,144,223,167
"CF003_RS11985",289,426,266,204,306,188
"CF003_RS11990",42,42,64,27,30,33
"CF003_RS11995",0,1,0,0,0,1
"CF003_RS12000",991,977,853,275,277,332
"CF003_RS12005",392,498,387,117,130,144
"CF003_RS12010",314,274,353,304,262,237
"CF003_RS12015",431,453,528,233,225,228
"CF003_RS12020",440,486,394,261,234,270
"CF003_RS12025",264,339,257,173,141,175
"CF003_RS12030",578,801,710,277,254,321
"CF003_RS12035",337,407,353,137,130,163
"CF003_RS12040",148,171,146,83,69,84
"CF003_RS12050",400,1023,552,138,413,288
"CF003_RS12055",1194,1082,1308,964,903,709
"CF003_RS12060",632,696,873,1157,1257,921
"CF003_RS12065",80,69,106,64,60,59
"CF003_RS12070",318,270,319,141,142,152
"CF003_RS12075",23,24,20,14,14,18
"CF003_RS12080",17,17,13,10,10,10
"CF003_RS12085",9,7,6,7,5,7
"CF003_RS12090",10,6,6,7,5,4
"CF003_RS12095",5,3,2,3,3,3
"CF003_RS12100",103,96,105,35,39,44
"CF003_RS12105",492,471,418,34,39,50
"CF003_RS12110",1191,1324,1154,122,141,160
"CF003_RS12115",976,999,745,170,220,211
"CF003_RS12120",1146,1168,1030,200,261,242
"CF003_RS12125",1638,1640,1365,309,371,319
"CF003_RS12130",122,183,111,29,37,38
"CF003_RS12135",67,82,46,22,25,27
"CF003_RS12140",2911,1771,3431,7351,6012,3746
"CF003_RS12145",0,0,0,0,1,1
"CF003_RS12150",37,30,28,25,30,32
"CF003_RS12155",102,86,98,118,122,135
"CF003_RS12160",274,227,218,257,280,309
"CF003_RS12180",61,50,64,121,102,84
"CF003_RS12185",398,332,395,244,281,241
"CF003_RS12190",618,719,484,398,465,526
"CF003_RS12195",520,591,514,491,515,519
"CF003_RS12200",961,1110,1235,860,901,720
"CF003_RS12205",935,1021,968,787,857,689
"CF003_RS12210",1005,935,873,749,786,578
"CF003_RS12215",763,893,588,599,631,424
"CF003_RS12220",80,84,70,28,25,36
"CF003_RS12225",193,224,132,192,169,184
"CF003_RS12230",193,220,164,139,127,129
"CF003_RS12235",293,366,275,172,163,166
"CF003_RS12240",13,18,19,7,7,9
"CF003_RS12245",297,312,463,111,110,155
"CF003_RS12250",542,494,676,221,198,355
"CF003_RS12255",489,485,334,157,167,201
"CF003_RS12260",54,52,42,33,41,40
"CF003_RS12265",1159,835,1125,634,661,675
"CF003_RS12270",637,496,407,258,278,265
"CF003_RS12275",582,428,556,244,243,270
"CF003_RS12280",403,354,300,255,249,236
"CF003_RS12285",289,190,158,28,35,24
"CF003_RS12290",54,52,46,27,47,24
"CF003_RS12295",27,28,24,19,29,20
"CF003_RS12300",25,19,17,16,24,13
"CF003_RS12305",41,33,32,49,59,38
"CF003_RS12310",175,137,111,73,95,83
"CF003_RS12315",194,153,124,72,103,80
"CF003_RS12320",52,34,44,13,24,35
"CF003_RS12325",377,346,299,340,310,334
"CF003_RS12330",139,126,85,48,49,56
"CF003_RS12335",45,33,44,19,22,26
"CF003_RS12340",131,87,81,62,67,78
"CF003_RS12345",515,436,506,263,265,328
"CF003_RS12350",58,60,63,91,87,100
"CF003_RS12355",149,86,233,175,162,153
"CF003_RS12365",308,242,191,313,381,482
"CF003_RS12370",173,129,144,121,140,142
"CF003_RS12375",274,194,286,279,321,201
"CF003_RS12380",150,150,106,134,139,104
"CF003_RS12385",185,149,185,177,176,187
"CF003_RS12390",120,92,105,114,119,129
"CF003_RS12395",120,62,67,88,108,73
"CF003_RS12400",225,266,280,668,575,720
"CF003_RS12405",4,4,4,4,4,4
"CF003_RS12410",58,53,43,51,55,57
"CF003_RS12415",2,2,3,1,1,2
"CF003_RS12425",516,425,420,457,434,302
"CF003_RS12430",233,218,234,219,229,202
"CF003_RS12435",295,269,274,272,289,307
"CF003_RS12440",156,151,182,179,202,214
"CF003_RS12445",197,229,172,205,230,249
"CF003_RS12450",682,784,589,705,699,731
"CF003_RS12455",423,419,350,342,339,364
"CF003_RS12460",301,299,287,172,195,215
"CF003_RS12465",313,285,219,216,271,212
"CF003_RS12470",124,106,96,66,60,65
"CF003_RS12475",142,94,94,70,79,79
"CF003_RS12480",140,87,107,65,73,84
"CF003_RS12485",190,177,177,205,197,219
"CF003_RS12490",197,200,177,194,171,195
"CF003_RS12500",35,51,51,13,15,19
"CF003_RS12505",853,993,1162,488,517,738
"CF003_RS12510",687,744,412,398,430,532
"CF003_RS12515",696,711,612,425,444,506
"CF003_RS12520",512,508,429,429,359,410
"CF003_RS12525",74,67,63,67,72,91
"CF003_RS12530",91,96,91,35,34,48
"CF003_RS12535",28,32,57,8,12,20
"CF003_RS12540",167,172,137,134,135,138
"CF003_RS12545",77,78,83,77,78,87
"CF003_RS12550",781,745,1291,359,331,463
"CF003_RS12555",760,423,878,843,735,606
"CF003_RS12560",2647,2064,2579,1745,1692,1520
"CF003_RS12565",1751,1953,2054,1037,930,914
"CF003_RS12570",9640,11815,9938,6693,5686,7900
"CF003_RS12575",475,807,544,315,267,327
"CF003_RS12580",2141,3500,2252,1112,1235,1491
"CF003_RS12585",4849,6251,4739,2093,2178,2909
"CF003_RS12590",2988,6471,6002,1926,2092,2233
"CF003_RS12595",2041,3279,2329,1569,1607,1775
"CF003_RS12600",2990,5736,4396,3241,3323,3329
"CF003_RS12605",2012,2258,1724,1767,2075,2110
"CF003_RS12610",866,1118,1057,1462,1576,1115
"CF003_RS12615",1700,1844,1936,1881,2189,1210
"CF003_RS12620",105,106,113,83,88,61
"CF003_RS12625",75,66,81,24,30,26
"CF003_RS12630",250,231,234,154,142,137
"CF003_RS12635",255,244,230,91,98,84
"CF003_RS12640",350,311,430,198,226,215
"CF003_RS12645",421,323,476,175,200,225
"CF003_RS12650",1557,1641,1857,559,520,450
"CF003_RS12655",1694,2268,2055,551,563,572
"CF003_RS12665",157,187,205,460,516,341
"CF003_RS12670",181,164,189,752,612,532
"CF003_RS12675",105,106,140,278,269,299
"CF003_RS12680",296,332,335,1015,821,960
"CF003_RS12685",197,187,189,106,128,124
"CF003_RS12690",201,134,133,136,153,126
"CF003_RS12695",337,290,348,211,249,203
"CF003_RS12700",536,558,632,617,601,483
"CF003_RS12705",530,476,590,383,383,429
"CF003_RS12710",928,967,1319,648,642,592
"CF003_RS12715",945,885,1040,633,651,443
"CF003_RS12720",1373,1016,1671,374,310,356
"CF003_RS12725",185,217,142,29,130,98
"CF003_RS12740",118,84,154,67,73,68
"CF003_RS12745",162,134,116,58,68,53
"CF003_RS12750",27,20,26,15,12,11
"CF003_RS12755",103,63,89,66,70,71
"CF003_RS12760",410,393,397,188,192,285
"CF003_RS12765",507,504,454,303,308,268
"CF003_RS12770",90,183,65,76,217,116
"CF003_RS12775",49,122,35,22,97,58
"CF003_RS12780",93,210,75,30,104,68
"CF003_RS12785",183,217,162,97,96,124
"CF003_RS12790",153,204,170,130,114,167
"CF003_RS12795",41,43,43,44,46,67
"CF003_RS12800",56,47,71,106,110,69
"CF003_RS12805",94,59,81,121,129,122
"CF003_RS12810",117,84,76,126,132,144
"CF003_RS12820",698,536,606,155,168,241
"CF003_RS12825",686,562,384,277,266,304
"CF003_RS12830",1113,977,841,400,403,412
"CF003_RS12835",318,312,250,134,148,147
"CF003_RS12840",172,181,177,89,90,98
"CF003_RS12845",661,867,694,222,211,246
"CF003_RS12850",2615,3052,2670,1373,1204,1338
"CF003_RS12855",266,362,348,81,81,114
"CF003_RS12860",184,252,190,52,48,73
"CF003_RS12865",702,945,662,796,684,861
"CF003_RS12870",222,216,176,165,150,133
"CF003_RS12875",27,35,48,39,43,50
"CF003_RS12880",37,37,49,39,51,82
"CF003_RS12885",8,9,8,12,7,10
"CF003_RS12890",323,183,460,887,814,426
"CF003_RS12900",131,123,147,314,304,167
"CF003_RS12905",416,509,356,458,449,490
"CF003_RS12910",257,247,218,146,168,190
"CF003_RS12915",270,239,201,169,184,223
"CF003_RS12920",448,371,399,282,279,308
"CF003_RS12925",371,293,250,249,285,273
"CF003_RS12930",443,340,391,431,414,424
"CF003_RS12935",654,477,628,508,575,419
"CF003_RS12940",1638,1183,1144,1005,1239,760
"CF003_RS12945",161,153,123,67,72,92
"CF003_RS12950",358,305,254,157,181,172
"CF003_RS12955",12,19,14,19,20,23
"CF003_RS12960",26,30,24,23,27,33
"CF003_RS12965",70,63,42,50,54,65
"CF003_RS12970",93,86,65,34,38,43
"CF003_RS12975",83,77,59,32,30,45
"CF003_RS12980",15,15,16,7,6,13
"CF003_RS12985",568,629,562,614,567,608
"CF003_RS12990",176,184,168,83,92,132
"CF003_RS12995",68,60,71,47,42,59
"CF003_RS13000",189,182,218,178,179,202
"CF003_RS13005",770,642,1070,773,717,661
"CF003_RS13010",161,127,155,107,98,81
"CF003_RS13015",160,149,178,77,85,89
"CF003_RS13020",200,152,157,125,147,108
"CF003_RS13025",156,146,127,91,91,97
"CF003_RS13030",192,240,148,198,273,285
"CF003_RS13035",448,558,414,748,991,801
"CF003_RS13050",66,100,85,30,30,63
"CF003_RS13055",98,125,71,65,70,65
"CF003_RS13060",40,42,37,16,18,27
"CF003_RS13065",56,59,50,63,63,50
"CF003_RS13070",181,189,158,83,85,115
"CF003_RS13075",79,110,78,40,57,74
"CF003_RS13080",70,83,99,113,97,107
"CF003_RS13085",103,149,108,106,121,124
"CF003_RS13090",88,110,94,83,93,71
"CF003_RS13095",1906,2732,2197,3107,3343,3198
"CF003_RS13100",37,29,25,20,23,21
"CF003_RS13105",57,55,42,19,29,29
"CF003_RS13110",99,81,90,62,68,64
"CF003_RS13115",106,106,82,58,67,59
"CF003_RS13120",84,60,68,57,63,45
"CF003_RS13125",73,70,80,65,86,61
"CF003_RS13130",569,647,752,520,503,465
"CF003_RS13135",652,719,716,327,319,352
"CF003_RS13140",259,284,230,231,221,204
"CF003_RS13145",149,196,169,161,152,158
"CF003_RS13150",259,260,263,134,160,150
"CF003_RS13155",14,9,9,1,5,5
"CF003_RS13160",2280,807,2048,454,534,459
"CF003_RS13165",464,132,865,49,60,88
"CF003_RS13170",92,162,110,62,59,105
"CF003_RS13175",256,313,271,130,131,190
"CF003_RS13180",2,2,2,1,0,1
"CF003_RS13185",264,311,279,137,126,159
"CF003_RS13190",197,260,216,161,141,197
"CF003_RS13195",167,203,171,193,163,193
"CF003_RS13200",236,252,229,174,179,145
"CF003_RS13205",387,402,418,302,324,178
"CF003_RS13210",316,339,332,187,181,212
"CF003_RS13215",19,17,18,9,7,11
"CF003_RS13220",1,0,3,0,1,0
"CF003_RS13225",329,300,458,42,55,96
"CF003_RS13230",417,444,582,48,63,104
"CF003_RS13235",202,288,270,34,55,42
"CF003_RS13240",114,230,296,24,31,20
"CF003_RS13245",343,291,307,109,112,116
"CF003_RS13250",205,190,231,194,192,211
"CF003_RS13255",41,36,47,30,24,31
"CF003_RS13260",1651,1765,1845,2168,1942,1802
"CF003_RS13265",114,113,119,72,58,53
"CF003_RS13270",100,88,98,64,69,73
"CF003_RS13275",134,116,135,98,103,102
"CF003_RS13280",106,68,69,64,77,77
"CF003_RS13290",75,108,100,14,9,23
"CF003_RS13295",81,93,112,35,34,54
"CF003_RS13300",54,97,68,33,31,45
"CF003_RS13310",1818,1371,2114,1901,1861,975
"CF003_RS13315",1022,823,1000,641,729,542
"CF003_RS13325",320,180,457,869,790,414
"CF003_RS13340",644,753,631,762,682,931
"CF003_RS13345",93,79,70,144,139,174
"CF003_RS13350",9,22,12,9,11,15
"CF003_RS13355",8,13,20,3,4,9
"CF003_RS13360",26,35,31,15,11,20
"CF003_RS13365",509,498,561,557,558,471
"CF003_RS13370",387,376,317,301,350,316
"CF003_RS13375",601,568,531,374,401,490
"CF003_RS13380",103,108,65,82,93,79
"CF003_RS13385",7,15,14,6,7,7
"CF003_RS13390",24,35,45,13,17,21
"CF003_RS13395",9,9,16,7,9,16
"CF003_RS13400",126,167,173,289,256,257
"CF003_RS13405",7,15,21,6,12,8
"CF003_RS13410",759,648,629,336,294,439
"CF003_RS13415",29,25,27,23,26,27
"CF003_RS13420",313,306,299,260,224,259
"CF003_RS13425",461,404,417,487,503,382
"CF003_RS13430",128,75,91,37,43,40
"CF003_RS13435",233,201,242,143,144,186
"CF003_RS13440",274,252,295,274,254,275
"CF003_RS13445",348,420,378,322,318,217
"CF003_RS13450",228,267,284,199,218,123
"CF003_RS13455",196,221,257,113,144,99
"CF003_RS13460",264,273,273,139,186,119
"CF003_RS13465",230,244,265,143,169,122
"CF003_RS13470",186,216,187,87,119,83
"CF003_RS13475",636,672,799,767,725,612
"CF003_RS13480",595,484,540,522,561,499
"CF003_RS13485",337,224,302,603,545,517
"CF003_RS13500",117,128,89,41,39,57
"CF003_RS13505",278,359,242,112,104,155
"CF003_RS13510",376,387,282,187,174,227
"CF003_RS13515",78,50,53,67,61,61
"CF003_RS13520",165,120,168,61,62,108
"CF003_RS13525",1438,1205,1312,827,689,913
"CF003_RS13530",869,1098,743,641,703,723
"CF003_RS13535",531,594,597,368,402,532
"CF003_RS13540",1175,1037,825,708,838,860
"CF003_RS13545",1141,1314,1115,813,910,910
"CF003_RS13550",153,163,165,87,93,100
"CF003_RS13555",533,427,352,459,557,436
"CF003_RS13565",213,239,225,113,106,151
"CF003_RS13570",87,117,107,80,80,113
"CF003_RS13575",57,66,60,52,54,77
"CF003_RS13580",164,106,106,114,134,122
"CF003_RS13585",5721,5555,5661,2177,2068,1666
"CF003_RS13595",233,235,232,2024,1758,2500
"CF003_RS13600",210,197,312,2264,2275,3073
"CF003_RS13605",126,103,154,1063,987,1526
"CF003_RS13610",380,319,451,2654,1931,3356
"CF003_RS13615",159,177,168,65,61,97
"CF003_RS13620",448,599,485,649,653,1159
"CF003_RS13625",28,38,38,56,71,89
"CF003_RS13630",10555,16528,12107,2861,12354,9735
"CF003_RS13635",475,1254,573,164,2373,915
"CF003_RS13640",530,540,573,301,479,334
"CF003_RS13645",514,483,478,219,375,239
"CF003_RS13650",665,847,731,336,507,339
"CF003_RS13655",905,972,793,849,949,752
"CF003_RS13660",840,878,894,595,708,614
"CF003_RS13665",951,985,971,645,705,544
"CF003_RS13670",162,163,128,80,85,88
"CF003_RS13680",894,834,677,771,920,717
"CF003_RS13685",52,54,44,57,49,69
"CF003_RS13690",139,108,97,66,65,65
"CF003_RS13695",534,543,487,183,169,272
"CF003_RS13700",444,378,322,177,200,278
"CF003_RS13705",480,387,349,188,236,274
"CF003_RS13710",501,440,433,195,255,234
"CF003_RS13715",446,387,296,261,255,317
"CF003_RS13720",89,60,85,75,76,87
"CF003_RS13725",124,103,151,71,81,91
"CF003_RS13730",177,137,186,156,165,163
"CF003_RS13735",460,360,432,343,383,341
"CF003_RS13740",991,848,999,1003,967,772
"CF003_RS13745",0,0,0,1,0,0
"CF003_RS13755",130,147,108,114,121,163
"CF003_RS13760",84,83,68,70,81,117
"CF003_RS13765",197,180,151,192,180,210
"CF003_RS13770",504,607,544,369,348,331
"CF003_RS13775",18,27,19,9,11,9
"CF003_RS13780",73,101,91,50,48,51
"CF003_RS13785",70,75,74,33,35,39
"CF003_RS13790",176,155,151,22,29,36
"CF003_RS13795",181,315,208,299,285,350
"CF003_RS13800",309,490,325,422,428,483
"CF003_RS13805",351,524,402,452,416,564
"CF003_RS13810",714,353,279,333,350,344
"CF003_RS13815",151,112,122,60,73,70
"CF003_RS13820",296,187,275,101,123,116
"CF003_RS13825",455,391,300,181,199,152
"CF003_RS13830",691,487,555,514,482,337
"CF003_RS13840",47,39,38,30,32,41
"CF003_RS13845",22,21,16,21,24,26
"CF003_RS13855",441,586,498,383,343,378
"CF003_RS13860",775,1121,1264,1168,1057,1296
"CF003_RS13865",119,125,114,104,124,174
"CF003_RS13870",113,89,71,101,111,137
"CF003_RS13875",64,58,50,48,53,52
"CF003_RS13880",978,898,987,1031,1086,826
"CF003_RS13885",556,588,480,672,769,715
"CF003_RS13890",310,283,257,189,222,252
"CF003_RS13895",301,247,261,240,256,245
"CF003_RS13900",546,548,542,370,375,363
"CF003_RS13905",39,30,26,89,93,70
"CF003_RS13910",15,8,10,39,48,40
"CF003_RS13920",13,11,10,30,37,45
"CF003_RS13925",20,11,18,35,35,53
"CF003_RS13930",16,10,10,30,27,35
"CF003_RS13935",20,9,14,37,40,50
"CF003_RS13940",719,1383,778,244,686,439
"CF003_RS13945",498,813,648,416,580,355
"CF003_RS13955",853,1237,786,765,785,1095
"CF003_RS13960",650,1160,850,534,489,904
"CF003_RS13965",454,1026,716,414,364,592
"CF003_RS13970",2535,2898,3048,2408,2011,2528
"CF003_RS13975",13089,12623,13565,18815,16590,13491
"CF003_RS13980",8823,8720,10947,16694,14642,11299
"CF003_RS13985",295,340,375,214,241,230
"CF003_RS13990",539,535,526,342,412,333
"CF003_RS14000",111,88,87,88,93,79
"CF003_RS14005",115,97,101,103,116,114
"CF003_RS14010",282,293,262,259,261,244
"CF003_RS14015",142,155,142,98,92,100
"CF003_RS14020",935,858,1332,893,829,689
"CF003_RS14025",1499,1373,2230,1235,1267,940
"CF003_RS14030",280,598,309,195,351,186
"CF003_RS14035",245,409,245,292,273,376
"CF003_RS14040",215,346,254,299,249,417
"CF003_RS14045",77,83,87,18,21,38
"CF003_RS14050",64,56,91,28,27,30
"CF003_RS14055",178,152,133,36,44,47
"CF003_RS14060",56,62,57,14,22,24
"CF003_RS14065",113,155,124,42,43,56
"CF003_RS14075",77,80,96,170,176,159
"CF003_RS14080",14,13,13,42,43,45
"CF003_RS14085",64,64,52,22,32,23
"CF003_RS14090",48,45,57,22,29,23
"CF003_RS14095",434,336,613,210,195,240
"CF003_RS14100",159,172,155,203,221,229
"CF003_RS14105",86,125,89,148,147,173
"CF003_RS14110",312,363,248,381,459,512
"CF003_RS14120",69,95,82,63,62,93
"CF003_RS14125",112,148,116,110,90,127
"CF003_RS14130",195,135,174,57,78,87
"CF003_RS14135",893,628,794,509,514,468
"CF003_RS14145",371,316,316,146,144,196
"CF003_RS14150",124,102,89,56,64,91
"CF003_RS14155",103,102,85,71,81,107
"CF003_RS14160",40,46,36,34,50,58
"CF003_RS14165",198,165,276,100,89,121
"CF003_RS14170",211,250,218,91,69,89
"CF003_RS14175",65,49,67,26,36,34
"CF003_RS14180",41,27,32,12,14,17
"CF003_RS14185",482,489,438,233,271,284
"CF003_RS14190",343,399,434,152,185,216
"CF003_RS14195",658,730,883,477,489,413
"CF003_RS14200",201,207,152,61,79,78
"CF003_RS14205",217,189,267,60,72,107
"CF003_RS14210",51,67,48,46,46,59
"CF003_RS14215",100,108,86,80,80,93
"CF003_RS14225",31,27,26,4,3,7
"CF003_RS14230",307,358,220,70,52,77
"CF003_RS14235",520,566,398,103,107,98
"CF003_RS14240",69,76,82,17,19,31
"CF003_RS14245",46,54,34,15,14,18
"CF003_RS14250",6,10,7,3,1,1
"CF003_RS14255",67,75,71,14,16,26
"CF003_RS14260",34,38,32,11,10,20
"CF003_RS14265",31,35,42,43,45,47
"CF003_RS14270",106,99,123,104,130,138
"CF003_RS14275",566,529,463,448,458,407
"CF003_RS14280",405,318,354,237,260,255
"CF003_RS14295",325,308,355,155,139,201
"CF003_RS14310",1236,994,994,459,575,574
"CF003_RS14315",126,123,112,114,104,141
"CF003_RS14320",180,142,159,115,154,161
"CF003_RS14330",19,23,33,19,22,11
"CF003_RS14335",4,3,4,0,3,2
"CF003_RS14340",623,735,672,345,319,300
"CF003_RS14345",313,437,354,188,183,221
"CF003_RS14350",376,432,345,194,186,208
"CF003_RS14355",239,246,206,114,115,98
"CF003_RS14360",2855,4756,4884,2543,2602,2709
"CF003_RS14365",4528,6268,5651,3428,3350,3837
"CF003_RS14370",3128,4263,3917,2412,2387,2841
"CF003_RS14375",1645,2241,1120,1180,1111,2129
"CF003_RS14380",57,61,67,14,10,20
"CF003_RS14385",85,108,107,41,39,63
"CF003_RS14390",66,63,57,25,30,46
"CF003_RS14395",825,533,527,352,474,503
"CF003_RS14400",2,3,1,0,1,1
"CF003_RS14405",82,80,77,45,50,48
"CF003_RS14410",104,117,106,110,116,138
"CF003_RS14415",264,211,199,248,275,312
"CF003_RS14420",285,232,281,351,332,351
"CF003_RS14425",187,209,200,70,77,96
"CF003_RS14435",1154,1061,1251,755,706,691
"CF003_RS14440",799,757,832,442,462,413
"CF003_RS14445",771,831,713,537,577,592
"CF003_RS14450",204,206,248,226,208,207
"CF003_RS14455",22,16,29,16,16,12
"CF003_RS14460",0,0,4,0,0,0
"CF003_RS14465",3,1,4,0,0,1
"CF003_RS14470",50,46,40,30,27,40
"CF003_RS14475",38,46,43,21,23,29
"CF003_RS14480",4,1,4,2,3,2
"CF003_RS14485",128,140,129,141,187,110
"CF003_RS14490",143,232,167,181,205,135
"CF003_RS14495",187,274,251,248,254,230
"CF003_RS14500",48,66,43,42,51,75
"CF003_RS14505",75,81,71,73,69,104
"CF003_RS14510",131,138,138,105,101,120
"CF003_RS14525",352,381,339,80,90,90
"CF003_RS14540",15,9,9,9,10,14
"CF003_RS14545",10,10,11,11,11,15
"CF003_RS14550",15,28,15,6,10,13
"CF003_RS14555",13,15,16,9,7,8
"CF003_RS14560",13,15,20,10,11,10
"CF003_RS14565",14,13,15,8,8,5
"CF003_RS14570",54,47,57,53,52,60
"CF003_RS14575",36,16,42,25,40,21
"CF003_RS14580",133,111,173,77,138,95
"CF003_RS14590",655,397,686,1830,1822,1080
"CF003_RS14595",15,16,16,4,6,5
"CF003_RS14600",26,38,40,13,10,12
"CF003_RS14605",28,40,33,11,14,19
"CF003_RS14610",12,13,14,8,9,10
"CF003_RS14615",37,31,27,9,10,15
"CF003_RS14625",5,7,9,12,12,16
"CF003_RS14635",15,17,28,7,14,8
"CF003_RS14640",38,49,72,24,31,28
"CF003_RS14650",8,8,13,9,13,8
"CF003_RS14655",2,3,4,2,3,5
"CF003_RS14660",24,17,9,9,6,13
"CF003_RS14665",212,278,134,69,68,78
"CF003_RS14670",173,180,117,145,149,130
"CF003_RS14680",65,77,106,39,26,52
"CF003_RS14685",397,441,392,167,163,313
"CF003_RS14690",55,75,69,14,12,46
"CF003_RS14695",60,77,72,35,33,56
"CF003_RS14700",243,401,286,419,436,622
"CF003_RS14710",47,55,51,33,31,31
"CF003_RS14715",517,317,782,129,169,184
"CF003_RS14720",153,113,136,192,188,214
"CF003_RS14725",267,231,263,262,277,210
"CF003_RS14730",546,495,509,311,355,385
"CF003_RS14735",196,153,184,95,98,96
"CF003_RS14740",293,247,349,292,257,262
"CF003_RS14745",329,366,334,782,629,844
"CF003_RS14760",135,150,152,48,56,73
"CF003_RS14765",39,54,41,29,34,28
"CF003_RS14770",355,362,347,623,528,427
"CF003_RS14775",57,86,82,9,11,17
"CF003_RS14780",168,193,174,59,55,94
"CF003_RS14785",188,230,154,121,140,159
"CF003_RS14790",189,227,241,112,129,103
"CF003_RS14795",93,115,96,36,49,41
"CF003_RS14800",1064,1007,973,991,847,948
"CF003_RS14810",3,2,0,0,0,0
"CF003_RS14835",785,852,1064,686,540,681
"CF003_RS14840",453,450,551,395,345,415
"CF003_RS14845",155,174,187,66,65,101
"CF003_RS14850",75,77,68,24,27,48
"CF003_RS14855",77,64,56,39,48,51
"CF003_RS14860",108,117,85,49,77,38
"CF003_RS14865",120,84,64,116,135,114
"CF003_RS14870",330,246,201,365,345,329
"CF003_RS14875",314,304,229,173,190,175
"CF003_RS14880",214,238,162,82,86,112
"CF003_RS14885",956,1241,1055,804,702,919
"CF003_RS14890",1117,1473,1109,1374,1094,1550
"CF003_RS14905",64,83,68,22,20,26
"CF003_RS14910",21,35,21,51,38,81
"CF003_RS14915",20,24,16,19,18,33
"CF003_RS14920",53,51,54,59,50,78
"CF003_RS14925",94,100,102,114,116,139
"CF003_RS14930",17,19,17,8,13,13
"CF003_RS14935",161,279,168,80,94,96
"CF003_RS14945",504,320,433,358,392,264
"CF003_RS14950",481,378,453,280,326,320
"CF003_RS14955",618,423,654,336,368,342
"CF003_RS14960",702,737,801,376,392,422
"CF003_RS14965",365,332,388,178,174,237
"CF003_RS14970",218,231,257,81,98,131
"CF003_RS14975",414,411,325,231,261,228
"CF003_RS14980",293,325,335,199,204,188
"CF003_RS14985",179,185,170,69,78,90
"CF003_RS14995",366,323,352,508,544,294
"CF003_RS15000",460,413,537,444,484,390
"CF003_RS15005",692,614,676,605,646,508
"CF003_RS15010",170,167,153,97,107,109
"CF003_RS15015",51,52,64,56,57,64
"CF003_RS15030",413,239,291,296,322,227
"CF003_RS15035",658,693,702,559,543,497
"CF003_RS15040",410,412,396,246,267,352
"CF003_RS15045",425,497,351,362,342,455
"CF003_RS15050",186,132,155,152,129,165
"CF003_RS15055",134,162,111,67,70,115
"CF003_RS15060",618,682,857,1140,1236,903
"CF003_RS15075",159,168,141,155,135,143
"CF003_RS15080",110,131,118,93,90,87
"CF003_RS15085",85,95,80,53,56,64
"CF003_RS15090",91,79,68,62,69,69
"CF003_RS15100",77,68,75,17,17,31
"CF003_RS15105",475,434,557,156,152,199
"CF003_RS15110",4172,4035,4423,4183,3464,2932
"CF003_RS15115",363,469,325,173,184,216
"CF003_RS15125",74,76,75,43,54,45
"CF003_RS15130",73,53,75,36,37,34
"CF003_RS15135",1,3,2,2,1,1
"CF003_RS15140",227,211,237,101,123,115
"CF003_RS15145",510,391,497,522,465,539
"CF003_RS15150",226,194,176,143,141,144
"CF003_RS15155",202,247,167,211,214,232
"CF003_RS15160",76,96,88,62,71,107
"CF003_RS15165",478,559,378,215,216,423
"CF003_RS15170",473,481,737,654,582,568
"CF003_RS15175",0,3,3,0,0,0
"CF003_RS15185",302,342,268,223,235,292
"CF003_RS15190",607,648,555,709,701,680
"CF003_RS15195",207,212,227,320,239,207
"CF003_RS15200",185,135,187,88,84,92
"CF003_RS15205",124,117,99,76,78,75
"CF003_RS15210",1136,1013,1443,719,639,789
"CF003_RS15215",363,781,322,82,298,143
"CF003_RS15225",232,148,218,517,516,242
"CF003_RS15230",652,718,658,174,169,223
"CF003_RS15235",5809,5629,7910,2041,1752,1963
"CF003_RS15240",2775,2795,4077,1188,1042,1207
"CF003_RS15245",3281,3689,4428,2024,1661,2120
"CF003_RS15250",1160,1227,1511,778,707,855
"CF003_RS15255",10,29,8,13,23,32
"CF003_RS15260",349,416,336,548,518,633
"CF003_RS15270",62,63,63,18,22,25
"CF003_RS15275",133,152,107,30,35,32
"CF003_RS15280",109,73,117,25,30,36
"CF003_RS15285",447,447,511,230,231,193
"CF003_RS15290",185,150,152,88,89,97
"CF003_RS15295",180,196,158,75,85,122
"CF003_RS15300",820,681,673,381,411,353
"CF003_RS15305",126,129,102,97,86,92
"CF003_RS15310",61,66,54,27,23,32
"CF003_RS15315",1796,1869,1747,1194,985,1285
"CF003_RS15320",328,362,334,80,78,117
"CF003_RS15325",68,76,57,20,23,50
"CF003_RS15330",933,1086,905,627,514,720
"CF003_RS15340",77,93,94,43,49,56
"CF003_RS15345",63,61,62,35,52,43
"CF003_RS15350",117,131,102,79,89,91
"CF003_RS15360",379,363,415,323,342,190
"CF003_RS15365",1715,1971,1606,1356,1267,2021
"CF003_RS15370",168,173,171,83,93,120
"CF003_RS15375",314,231,309,155,180,187
"CF003_RS15380",1353,3364,1840,476,1293,972
"CF003_RS15385",45,33,43,54,58,57
"CF003_RS15390",258,307,284,248,240,283
"CF003_RS15395",72,84,76,34,43,38
"CF003_RS15400",84,85,82,51,59,68
"CF003_RS15405",733,914,704,710,753,654
"CF003_RS15410",502,818,641,500,484,770
"CF003_RS15415",1101,1472,1136,625,575,998
"CF003_RS15420",107,136,160,38,41,85
"CF003_RS15425",119,163,171,285,242,241
"CF003_RS15430",7,14,21,5,11,8
"CF003_RS15435",122,96,126,47,41,76
"CF003_RS15440",988,1065,1175,663,639,710
"CF003_RS15445",1093,1359,1487,699,687,816
"CF003_RS15450",1009,1094,891,893,1008,935
"CF003_RS15460",109,89,191,16,27,27
"CF003_RS15465",5774,5590,4657,224,190,361
"CF003_RS15470",476,471,463,59,51,78
"CF003_RS15475",124,48,83,24,51,49
"CF003_RS15480",196,108,209,65,57,62
"CF003_RS15490",25,23,35,11,17,14
"CF003_RS15495",95,84,107,41,46,48
"CF003_RS15500",2012,2117,2211,1607,1469,1659
"CF003_RS15505",918,1159,868,687,607,559
"CF003_RS15510",478,516,443,199,215,311
"CF003_RS15515",840,1017,815,621,587,701
"CF003_RS15520",298,365,294,150,174,229
"CF003_RS15525",110,102,105,58,59,74
"CF003_RS15530",126,120,133,60,84,69
"CF003_RS15535",95,89,87,44,53,40
"CF003_RS15540",7,6,8,3,3,6
"CF003_RS15545",202,120,204,58,56,78
"CF003_RS15550",199,185,161,85,80,104
"CF003_RS15555",73,82,47,25,19,42
"CF003_RS15560",19,23,23,9,10,12
"CF003_RS15565",126,150,126,115,131,158
"CF003_RS15570",229,222,169,185,198,246
"CF003_RS15580",323,183,460,887,815,426
"CF003_RS15590",76,96,72,38,36,73
"CF003_RS15595",214,228,190,63,69,106
"CF003_RS15600",7,7,8,3,1,1
"CF003_RS15605",183,171,158,79,85,78
"CF003_RS15610",524,590,488,341,287,315
"CF003_RS15615",155,183,146,83,70,81
"CF003_RS15620",48,57,85,88,81,114
"CF003_RS15625",342,295,338,1046,1104,797
"CF003_RS15630",443,492,399,136,119,171
"CF003_RS15635",2702,3336,1907,2941,2945,3113
"CF003_RS15640",360,242,357,277,314,228
"CF003_RS15660",71,69,77,95,91,103
"CF003_RS15665",105,89,80,57,70,75
"CF003_RS15670",193,198,196,105,105,114
"CF003_RS15675",0,1,1,0,0,0
"CF003_RS15685",242,220,341,173,190,185
"CF003_RS15690",456,423,432,367,388,383
"CF003_RS15695",590,436,570,647,653,613
"CF003_RS15700",595,753,528,386,333,486
"CF003_RS15705",1109,1313,939,728,727,938
"CF003_RS15710",873,1079,935,539,430,619
"CF003_RS15715",30,26,28,28,30,22
"CF003_RS15720",173,151,193,93,106,111
"CF003_RS15725",326,252,322,317,296,252
"CF003_RS15730",361,299,527,307,321,287
"CF003_RS15735",881,620,941,910,914,706
"CF003_RS15740",483,373,522,490,516,367
"CF003_RS15750",2419,953,1728,708,694,696
"CF003_RS15760",27,38,45,32,32,35
"CF003_RS15765",5,6,7,7,9,5
"CF003_RS15770",7,9,9,8,12,14
"CF003_RS15780",41,57,48,54,47,54
"CF003_RS15785",6,10,8,0,0,0
"CF003_RS15790",0,4,1,0,0,2
"CF003_RS15795",653,396,681,1820,1823,1076
"CF003_RS15805",93,130,118,118,109,106
"CF003_RS15810",188,431,164,61,192,116
"CF003_RS15815",792,656,943,689,625,646
"CF003_RS15825",173,154,189,47,53,50
"CF003_RS15830",241,268,246,87,101,89
"CF003_RS15835",106,119,84,19,24,30
"CF003_RS15840",521,391,488,671,743,803
"CF003_RS15845",583,513,396,985,1062,1057
"CF003_RS15850",564,505,417,1326,1397,1342
"CF003_RS15855",641,630,490,1143,1134,1123
"CF003_RS15860",657,402,686,1829,1833,1089
"CF003_RS15870",67,63,59,84,80,109
"CF003_RS15875",61,50,60,83,81,81
"CF003_RS15880",116,98,122,84,78,76
"CF003_RS15885",475,425,534,148,157,167
"CF003_RS15890",427,374,404,139,151,168
"CF003_RS15895",564,526,579,177,228,189
"CF003_RS15900",97,127,98,33,32,39
"CF003_RS15905",63,73,52,52,50,59
"CF003_RS15910",54,55,54,102,92,107
"CF003_RS15915",174,145,152,80,96,93
"CF003_RS15920",137,101,139,79,74,92
"CF003_RS15930",147,164,129,139,127,131
"CF003_RS15935",98,83,114,58,70,59
"CF003_RS15940",107,100,75,59,72,72
"CF003_RS15945",171,226,187,61,77,101
"CF003_RS15950",747,1020,733,262,243,400
"CF003_RS15960",941,661,1159,635,654,518
"CF003_RS15970",157,191,239,163,159,142
"CF003_RS15980",137,131,118,37,37,55
"CF003_RS15985",16,15,30,4,3,16
"CF003_RS15990",207,189,253,53,51,73
"CF003_RS15995",126,164,148,27,41,47
"CF003_RS16005",72,112,88,45,49,66
"CF003_RS16010",321,474,293,55,61,60
"CF003_RS16015",122,193,144,28,29,41
"CF003_RS16020",54,104,65,8,9,14
"CF003_RS16025",35,75,32,7,11,14
"CF003_RS16030",52,95,50,14,14,19
"CF003_RS16035",70,99,82,18,19,33
"CF003_RS16040",552,807,631,399,575,519
"CF003_RS16045",59,49,37,18,19,22
"CF003_RS16055",190,226,173,90,100,139
"CF003_RS16060",34,40,36,23,22,31
"CF003_RS16065",213,209,220,278,334,310
"CF003_RS16070",97,99,83,47,49,64
"CF003_RS16075",432,493,453,268,279,342
"CF003_RS16080",53,66,43,26,25,40
"CF003_RS16085",24,45,32,29,30,42
"CF003_RS16090",148,266,172,159,288,205
"CF003_RS16095",222,528,202,175,266,243
"CF003_RS16100",142,276,177,147,189,231
"CF003_RS16105",483,834,519,557,617,672
"CF003_RS16110",86,70,106,66,59,111
"CF003_RS16115",186,82,101,164,132,166
"CF003_RS16120",45,35,35,23,26,24
"CF003_RS16125",1118,1212,813,638,1770,1019
"CF003_RS16130",555,638,524,282,278,409
"CF003_RS16135",249,278,318,58,72,110
"CF003_RS16140",31,32,27,17,17,19
"CF003_RS16145",10,7,9,2,1,5
"CF003_RS16160",3,3,7,2,1,2
"CF003_RS16165",325,277,544,53,46,77
"CF003_RS16170",781,749,1151,133,112,192
"CF003_RS16175",38,36,62,14,24,16
"CF003_RS16180",1427,1389,1659,964,906,923
"CF003_RS16185",1475,1083,1482,938,955,878
"CF003_RS16190",34,36,24,17,21,26
"CF003_RS16195",97,98,85,63,66,69
"CF003_RS16200",231,234,215,110,88,115
"CF003_RS16205",171,172,130,69,69,73
"CF003_RS16210",93,90,76,58,54,66
"CF003_RS16215",75,79,86,46,52,63
"CF003_RS16220",51,44,40,9,5,7
"CF003_RS16225",50,47,50,3,3,7
"CF003_RS16230",67,100,65,17,18,24
"CF003_RS16235",70,113,78,42,39,49
"CF003_RS16245",42,46,39,20,26,29
"CF003_RS16250",152,154,158,159,164,186
"CF003_RS16255",259,399,314,157,157,230
"CF003_RS16260",161,157,156,51,61,82
"CF003_RS16270",1,1,1,0,3,0
"CF003_RS16275",1961,3077,2267,1341,2028,1549
"CF003_RS16280",49,100,77,62,150,136
"CF003_RS16285",135,114,164,95,97,69
"CF003_RS16290",857,384,536,1164,1264,957
"CF003_RS16295",481,652,540,644,587,999
"CF003_RS16300",147,132,200,74,80,76
"CF003_RS16305",506,576,477,213,215,379
"CF003_RS16310",736,928,1018,509,477,736
"CF003_RS16315",375,338,374,315,387,220
"CF003_RS16320",489,455,515,415,519,321
"CF003_RS16325",1199,1298,1125,1501,1777,881
"CF003_RS16330",543,628,602,700,843,592
"CF003_RS16335",430,566,511,503,605,508
"CF003_RS16340",161,171,177,102,147,151
"CF003_RS16345",209,217,254,138,146,132
"CF003_RS16350",417,464,590,330,349,329
"CF003_RS16355",182,244,202,204,218,178
"CF003_RS16360",437,539,515,437,470,356
"CF003_RS16365",542,630,751,638,693,529
"CF003_RS16370",1214,1473,1243,987,1052,857
"CF003_RS16375",328,474,400,263,251,335
"CF003_RS16380",290,361,338,183,162,306
"CF003_RS16385",334,406,404,195,190,327
"CF003_RS16390",167,184,199,68,65,97
"CF003_RS16395",198,254,240,84,78,90
"CF003_RS16400",78,49,113,55,54,58
"CF003_RS16410",50,40,56,38,38,21
"CF003_RS16415",269,311,358,165,132,216
"CF003_RS16425",1,2,2,0,1,3
"CF003_RS16430",167,130,147,83,91,85
"CF003_RS16435",625,623,843,411,474,307
"CF003_RS16440",1188,1091,1100,778,790,492
"CF003_RS16445",598,770,583,10386,6995,11447
"CF003_RS16450",111,144,128,31,29,38
"CF003_RS16455",158,165,160,35,38,61
"CF003_RS16460",81,162,90,43,44,75
"CF003_RS16465",189,330,158,90,82,129
"CF003_RS16470",318,511,263,133,147,174
"CF003_RS16475",181,199,251,94,77,100
"CF003_RS16480",78,59,48,13,7,16
"CF003_RS16495",175,175,150,114,140,121
"CF003_RS16500",122,149,99,84,125,95
"CF003_RS16505",26,36,21,17,28,25
"CF003_RS16510",68,105,62,37,44,53
"CF003_RS16515",27,46,24,14,15,21
"CF003_RS16520",45,72,44,25,17,42
"CF003_RS16525",654,800,691,184,210,213
"CF003_RS16530",6980,7207,7867,2347,2234,2096
"CF003_RS16535",533,769,743,100,205,137
"CF003_RS16540",240,324,293,110,100,125
"CF003_RS16545",351,404,471,128,147,171
"CF003_RS16550",461,447,385,140,158,202
"CF003_RS16555",22,18,32,24,30,18
"CF003_RS16560",653,397,681,1820,1823,1076
"CF003_RS16570",192,206,270,238,208,214
"CF003_RS16575",722,1044,777,321,288,499
"CF003_RS16580",101,128,136,82,90,77
"CF003_RS16585",208,241,248,252,236,155
"CF003_RS16595",39,33,27,8,7,11
"CF003_RS16600",26,28,32,2,3,8
"CF003_RS16605",20,28,17,103,102,97
"CF003_RS16610",11,22,13,67,70,115
"CF003_RS16615",60,86,76,112,109,251
"CF003_RS16620",12,7,4,2,3,4
"CF003_RS16625",1314,1317,1211,895,973,885
"CF003_RS16630",178,150,266,204,203,152
"CF003_RS16635",617,718,651,430,354,489
"CF003_RS16640",67,61,68,42,36,52
"CF003_RS16645",156,123,163,60,51,64
"CF003_RS16650",204,203,198,104,84,120
"CF003_RS16655",169,166,188,81,76,98
"CF003_RS16660",93,83,89,34,31,52
"CF003_RS16665",52,52,47,28,28,57
"CF003_RS16670",82,91,67,65,49,99
"CF003_RS16675",109,121,97,155,200,181
"CF003_RS16680",181,198,289,154,126,180
"CF003_RS16690",83,69,72,64,71,86
"CF003_RS16695",122,123,182,112,104,119
"CF003_RS16700",217,199,203,145,166,127
"CF003_RS16705",175,140,132,193,201,138
"CF003_RS16710",85,79,92,47,49,54
"CF003_RS16720",475,749,610,265,243,309
"CF003_RS16725",479,553,542,183,190,263
"CF003_RS16730",1432,2581,1664,1032,1002,1170
"CF003_RS16735",859,1078,486,444,423,537
"CF003_RS16750",251,196,282,302,231,446
"CF003_RS16755",157,122,141,127,101,152
"CF003_RS16760",292,237,345,219,160,275
"CF003_RS16770",157,206,199,161,177,151
"CF003_RS16775",5,3,2,2,2,0
"CF003_RS16780",73,81,71,53,60,60
"CF003_RS16785",202,213,143,107,121,134
"CF003_RS16790",159,193,165,119,130,164
"CF003_RS16795",193,217,232,109,108,162
"CF003_RS16800",250,293,212,85,88,98
"CF003_RS16810",72,68,59,49,49,59
"CF003_RS16815",57,85,85,46,48,64
"CF003_RS16820",48,60,81,52,55,56
"CF003_RS16825",135,128,153,64,71,74
"CF003_RS16830",102,116,88,31,30,36
"CF003_RS16835",23,12,23,8,11,21
"CF003_RS16840",10,10,21,5,6,13
"CF003_RS16850",538,465,390,244,281,221
"CF003_RS16855",330,330,231,93,111,109
"CF003_RS16860",59,91,105,44,50,92
"CF003_RS16865",387,468,482,335,313,382
"CF003_RS16870",333,408,359,295,276,354
"CF003_RS16875",133,176,189,95,101,147
"CF003_RS16880",314,328,413,271,278,385
"CF003_RS16885",1519,762,1052,1501,1198,1370
"CF003_RS16890",234,237,256,175,189,113
"CF003_RS16895",113,125,116,77,94,80
"CF003_RS16900",75,76,74,67,72,70
"CF003_RS16905",161,224,170,161,154,155
"CF003_RS16910",103,136,121,80,82,103
"CF003_RS16915",139,199,155,112,116,173
"CF003_RS16920",265,346,315,182,186,265
"CF003_RS16925",1057,1429,1126,824,770,936
"CF003_RS16930",660,757,395,528,509,720
"CF003_RS16935",120,144,134,52,67,83
"CF003_RS16940",296,280,269,133,140,146
"CF003_RS16945",176,181,182,136,130,162
"CF003_RS16950",178,165,153,163,193,180
"CF003_RS16955",438,406,469,359,380,359
"CF003_RS16965",5,1,3,2,0,1
"CF003_RS16970",148,103,113,178,176,197
"CF003_RS16985",19,19,16,25,25,26
"CF003_RS16990",70,90,58,101,107,126
"CF003_RS16995",79,100,58,91,103,99
"CF003_RS17000",83,79,76,97,119,107
"CF003_RS17005",28,35,33,25,37,34
"CF003_RS17010",1765,1501,1475,923,1156,941
"CF003_RS17015",176,134,137,158,192,190
"CF003_RS17020",54,45,63,34,31,49
"CF003_RS17025",33,21,23,18,20,35
"CF003_RS17030",8,5,12,3,3,8
"CF003_RS17035",399,337,453,117,116,169
"CF003_RS17040",520,607,357,164,143,192
"CF003_RS17045",234,320,239,86,83,125
"CF003_RS17050",413,398,366,131,128,146
"CF003_RS17055",200,159,165,61,80,104
"CF003_RS17060",232,190,198,95,100,137
"CF003_RS17065",125,148,105,54,56,62
"CF003_RS17070",478,436,498,278,298,255
"CF003_RS17075",239,247,225,106,113,126
"CF003_RS17080",149,194,155,97,92,95
"CF003_RS17085",76,118,96,51,59,61
"CF003_RS17090",3,9,6,0,1,1
"CF003_RS17095",0,0,0,0,0,0
"CF003_RS17100",114,74,120,788,599,477
"CF003_RS17105",11,8,9,45,30,31
"CF003_RS17110",75,90,92,17,23,38
"CF003_RS17115",250,360,262,49,50,76
"CF003_RS17120",104,136,144,69,67,98
"CF003_RS17125",182,213,173,116,121,152
"CF003_RS17130",3431,2963,3189,1558,1492,1600
"CF003_RS17140",1132,1380,1199,1295,1128,861
"CF003_RS17145",17,20,19,11,12,17
"CF003_RS17150",384,570,408,217,535,421
"CF003_RS17155",360,654,479,350,1340,578
"CF003_RS17160",303,603,335,297,1265,306
"CF003_RS17165",137,138,165,107,104,78
"CF003_RS17170",106,94,98,65,70,61
"CF003_RS17175",34,37,28,17,16,20
"CF003_RS17180",0,4,1,0,0,0
"CF003_RS17185",42,47,58,19,18,27
"CF003_RS17190",7,12,11,8,9,11
"CF003_RS17195",309,626,304,331,555,299
"CF003_RS17200",99,174,134,64,123,78
"CF003_RS17205",163,200,160,101,161,78
"CF003_RS17210",103,106,90,76,105,69
"CF003_RS17215",150,158,144,135,170,138
"CF003_RS17220",198,179,207,182,212,223
"CF003_RS17225",388,378,381,375,352,410
"CF003_RS17230",514,358,454,404,399,428
"CF003_RS17235",290,374,418,345,378,327
"CF003_RS17245",192,207,184,96,92,82
"CF003_RS17250",85,95,89,25,32,36
"CF003_RS17255",1,1,1,0,0,0
"CF003_RS17260",2,2,3,0,1,1
"CF003_RS17265",5,6,3,1,2,2
"CF003_RS17270",183,132,264,250,296,138
"CF003_RS17275",1,1,1,1,0,0
"CF003_RS17280",2,1,3,1,1,1
"CF003_RS17285",2,2,2,1,0,1
"CF003_RS17290",1,4,3,2,1,1
"CF003_RS17295",2,6,3,2,3,5
"CF003_RS17300",8,8,9,7,5,5
"CF003_RS17305",158,129,188,111,104,89
"CF003_RS17310",621,691,865,1167,1267,921
"CF003_RS17315",9,5,10,3,3,5
"CF003_RS17320",69,79,90,49,64,47
"CF003_RS17325",220,252,271,296,298,248
"CF003_RS17330",302,294,365,327,333,291
"CF003_RS17335",304,314,326,364,365,239
"CF003_RS17340",279,252,395,225,216,196
"CF003_RS17345",203,195,382,176,190,143
"CF003_RS17350",56,51,110,40,40,29
"CF003_RS17355",55,41,81,69,75,60
"CF003_RS17360",280,375,541,224,285,228
"CF003_RS17365",614,687,595,503,520,489
"CF003_RS17390",70,48,65,33,32,19
"CF003_RS17395",63,71,84,38,34,34
"CF003_RS17400",72,76,110,43,38,61
"CF003_RS17425",46,28,33,9,9,23
"CF003_RS17430",9,4,5,1,1,1
"CF003_RS17435",9,7,7,4,4,4
"CF003_RS17440",7,6,5,4,4,3
"CF003_RS17445",173,193,283,78,86,88
"CF003_RS17450",80,78,168,36,42,42
"CF003_RS17455",356,256,396,345,290,214
"CF003_RS17465",450,247,1332,241,249,240
"CF003_RS17470",162,127,223,75,124,98
"CF003_RS17475",308,286,446,146,289,232
"CF003_RS17480",182,161,260,102,165,170
"CF003_RS17485",98,81,134,81,127,95
"CF003_RS17490",15,9,12,5,4,2
"CF003_RS17495",9,9,12,9,9,12
"CF003_RS17505",36,33,39,13,11,16
"CF003_RS17510",12,13,13,8,9,10
"CF003_RS17515",28,40,33,11,14,19
"CF003_RS17520",24,36,37,13,10,11
"CF003_RS17525",15,15,15,3,6,5
"CF003_RS17530",653,396,681,1820,1823,1076
"CF003_RS17540",133,111,173,77,138,95
"CF003_RS17545",36,16,42,25,40,21
"CF003_RS17550",54,47,57,53,52,60
"CF003_RS17555",14,13,15,8,8,5
"CF003_RS17560",13,15,20,10,11,10
"CF003_RS17565",13,15,16,9,7,8
"CF003_RS17570",11,13,8,7,4,6
"CF003_RS17575",10,4,5,8,8,9
"CF003_RS17580",7,8,8,16,18,14
"CF003_RS17585",0,0,0,0,0,0
"CF003_RS17590",0,2,1,0,0,0
"CF003_RS17595",1,1,0,0,0,1
"CF003_RS17600",1,0,1,0,0,0
"CF003_RS17610",19,22,19,30,19,49
"CF003_RS17615",10,15,7,11,13,26
"CF003_RS17620",6,13,10,9,12,26
"CF003_RS17630",38,49,73,23,30,29
"CF003_RS17635",292,264,376,169,271,188
"CF003_RS17645",489,497,420,170,198,209
"CF003_RS17650",62,57,84,18,21,27
"CF003_RS17655",10,10,11,17,17,11
"CF003_RS17660",4,8,5,7,8,5
"CF003_RS17665",4,6,3,6,7,6
"CF003_RS17670",2,3,1,5,5,4
"CF003_RS17675",0,4,2,3,2,5
"CF003_RS17680",0,3,0,3,4,2
"CF003_RS17685",3,4,2,3,3,2
"CF003_RS17690",1,1,3,4,2,3
"CF003_RS17695",1,1,1,2,2,2
"CF003_RS17700",4,4,1,5,11,7
"CF003_RS17705",0,1,0,1,1,3
"CF003_RS17710",6,4,5,10,6,10
"CF003_RS17715",1,2,3,2,1,3
"CF003_RS17720",4,2,0,2,3,3
"CF003_RS17725",14,10,12,6,6,5
"CF003_RS17730",3,3,4,1,2,2
"CF003_RS17735",0,1,2,1,1,1
"CF003_RS17740",3,4,5,2,3,2
"CF003_RS17745",751,483,933,3791,2777,3868
"CF003_RS17750",669,463,1062,1087,1285,974
"CF003_RS17755",451,359,592,304,338,468
"CF003_RS17760",21,19,19,26,29,34
"CF003_RS17765",2,1,1,5,4,4
"CF003_RS17770",4,3,6,5,8,6
"CF003_RS17775",146,111,148,622,361,684
"CF003_RS17780",160,172,272,76,96,86
"CF003_RS17785",281,313,274,115,138,142
"CF003_RS17795",103,123,148,41,45,96
"CF003_RS17805",1,1,2,1,1,0
"CF003_RS17810",3,5,7,2,3,2
"CF003_RS17815",3,1,5,1,2,1
"CF003_RS17820",5,4,4,3,3,2
"CF003_RS17830",8,8,8,8,10,8
"CF003_RS17835",39,41,53,34,47,38
"CF003_RS17840",3,3,2,2,1,1
"CF003_RS17845",3,2,3,2,1,4
"CF003_RS17850",9,12,21,15,16,18
"CF003_RS17855",26,28,61,47,41,52
"CF003_RS17860",17,22,35,27,33,38
"CF003_RS17865",4,6,9,7,7,9
"CF003_RS17870",0,3,3,0,0,0
"CF003_RS17875",2,0,4,1,0,0
"CF003_RS17885",14,15,17,14,25,16
"CF003_RS17890",54,40,49,23,30,22
"CF003_RS17895",55,38,50,29,33,29
"CF003_RS17900",30,24,42,18,22,20
"CF003_RS17905",69,52,52,32,37,32
"CF003_RS17915",61,43,91,49,52,45
"CF003_RS17920",0,0,1,0,0,0
"CF003_RS17925",43,50,61,20,19,29
"CF003_RS17930",21,33,34,13,20,28
"CF003_RS17935",43,44,55,30,43,42
"CF003_RS17945",2,2,3,1,1,0
"CF003_RS17950",8,10,13,6,8,10
"CF003_RS17955",5,10,5,7,14,9
"CF003_RS17960",11,9,12,18,12,8
"CF003_RS17970",157,176,159,102,111,112
"CF003_RS17975",276,191,114,68,86,98
"CF003_RS17980",89,120,72,60,55,71
"CF003_RS17985",124,170,149,74,76,105
"CF003_RS17990",483,885,452,304,565,391
"CF003_RS17995",175,403,218,90,153,131
"CF003_RS18000",73,173,109,32,64,62
"CF003_RS18005",78,78,82,49,94,69
"CF003_RS18010",33,70,39,27,49,34
"CF003_RS18015",714,1220,679,87,249,247
"CF003_RS18020",44,135,58,19,75,50
"CF003_RS18025",21,34,17,7,14,25
"CF003_RS18030",96,141,112,76,82,115
"CF003_RS18040",1164,1681,1604,546,596,911
"CF003_RS18045",197,451,223,99,105,186
"CF003_RS18050",251,333,261,134,186,124
"CF003_RS18055",84,93,72,25,46,24
"CF003_RS18060",142,119,96,67,127,55
"CF003_RS18065",230,196,196,114,208,72
"CF003_RS18070",422,447,423,418,437,391
"CF003_RS18075",213,245,238,184,205,210
"CF003_RS18080",141,209,164,103,128,144
"CF003_RS18085",482,761,672,228,247,276
"CF003_RS18090",532,698,676,390,350,406
"CF003_RS18095",93,134,96,86,79,119
"CF003_RS18100",101,128,89,73,82,119
"CF003_RS18105",216,221,167,177,150,223
"CF003_RS18115",34,21,23,15,26,15
"CF003_RS18120",12,13,11,7,8,8
"CF003_RS18125",32,40,37,13,11,14
"CF003_RS18130",164,163,178,158,150,147
"CF003_RS18135",177,144,157,92,116,120
"CF003_RS18140",127,147,109,115,110,150
"CF003_RS18145",99,131,109,96,90,116
"CF003_RS18150",1133,1249,1286,696,625,644
"CF003_RS18155",958,1147,1308,466,355,462
"CF003_RS18160",650,853,658,233,224,269
"CF003_RS18165",743,864,680,364,319,436
"CF003_RS18170",563,860,638,357,300,438
"CF003_RS18175",289,450,474,239,192,271
"CF003_RS18180",336,387,375,252,245,224
"CF003_RS18185",328,392,299,175,199,162
"CF003_RS18190",138,161,151,48,64,61
"CF003_RS18195",42,47,34,46,43,39
"CF003_RS18200",85,66,68,36,39,45
"CF003_RS18205",89,128,105,238,218,333
"CF003_RS18210",52,28,44,33,42,65
"CF003_RS18215",199,248,215,132,104,136
"CF003_RS18220",68,74,69,33,31,46
"CF003_RS18225",19,16,14,9,10,11
"CF003_RS18230",408,432,343,211,198,203
"CF003_RS18235",271,299,248,249,270,289
"CF003_RS18240",288,234,285,349,309,415
"CF003_RS18245",324,443,424,341,312,436
"CF003_RS18250",194,237,221,198,170,214
"CF003_RS18255",48,67,55,20,20,36
"CF003_RS18260",115,141,105,34,36,58
"CF003_RS18265",208,200,219,61,71,95
"CF003_RS18270",47,59,52,10,15,27
"CF003_RS18275",170,213,167,85,94,146
"CF003_RS18280",254,356,357,354,370,388
"CF003_RS18285",23,33,34,9,11,13
"CF003_RS18290",2815,2249,1765,961,1108,931
"CF003_RS18295",1344,1492,1309,953,1107,1029
"CF003_RS18300",478,580,503,378,450,540
"CF003_RS18305",644,943,606,467,614,626
"CF003_RS18310",939,1171,778,826,912,921
"CF003_RS18315",697,646,620,345,361,485
"CF003_RS18320",1543,1543,1291,1453,1217,1211
"CF003_RS18325",804,906,696,560,547,655
"CF003_RS18330",624,777,857,388,356,546
"CF003_RS18340",64,64,72,13,12,25
"CF003_RS18345",60,74,75,10,14,21
"CF003_RS18350",144,145,139,138,147,145
"CF003_RS18355",177,155,136,185,206,216
"CF003_RS18360",165,141,171,196,204,209
"CF003_RS18365",400,310,359,507,532,450
"CF003_RS18380",653,396,681,1820,1823,1076
"CF003_RS18385",4010,3572,4167,1670,1577,1346
"CF003_RS18390",2755,2884,3462,1307,1251,1394
"CF003_RS18400",43,42,56,74,38,70
"CF003_RS18410",32,34,26,13,8,10
"CF003_RS18415",173,128,122,70,93,93
"CF003_RS18420",136,113,121,150,122,177
"CF003_RS18425",1817,1653,1058,166,156,219
"CF003_RS18430",517,424,417,187,184,235
"CF003_RS18435",209,239,177,97,115,138
"CF003_RS18440",171,158,177,243,330,303
"CF003_RS18445",119,144,81,243,364,286
"CF003_RS18450",152,192,107,226,445,340
"CF003_RS18455",264,389,201,352,896,488
"CF003_RS18460",947,1529,1367,1168,3285,1614
"CF003_RS18465",82,53,62,70,63,64
"CF003_RS18470",150,125,150,110,122,100
"CF003_RS18475",107,98,96,119,109,141
"CF003_RS18480",547,493,418,239,229,226
"CF003_RS18485",528,559,549,246,276,296
"CF003_RS18490",766,715,643,343,359,399
"CF003_RS18495",410,532,535,78,68,95
"CF003_RS18500",7,10,10,1,0,1
"CF003_RS18510",593,492,449,386,406,317
"CF003_RS18515",631,473,431,363,413,380
"CF003_RS18520",161,149,178,77,85,89
"CF003_RS18525",522,473,458,83,63,69
"CF003_RS18530",523,501,513,90,69,79
"CF003_RS18535",602,515,646,115,106,115
"CF003_RS18540",576,571,636,106,85,114
"CF003_RS18545",330,328,329,65,52,80
"CF003_RS18550",253,268,220,57,42,75
"CF003_RS18555",481,522,535,134,111,162
"CF003_RS18560",277,249,236,83,74,114
"CF003_RS18575",196,108,209,65,58,62
"CF003_RS18580",124,48,83,24,51,49
"CF003_RS18585",476,471,463,59,51,78
"CF003_RS18590",5774,5590,4657,224,190,361
"CF003_RS18595",110,92,193,16,27,27
"CF003_RS18610",121,112,130,53,60,61
"CF003_RS18615",14,15,13,12,8,8
"CF003_RS18620",28,23,22,16,18,21
"CF003_RS18625",506,595,349,0,0,2
"CF003_RS18630",126,122,96,100,130,150
"CF003_RS18635",5,4,4,4,5,7
"CF003_RS18645",647,439,560,475,513,297
"CF003_RS18650",652,665,604,272,291,226
"CF003_RS18655",751,742,755,271,303,288
"CF003_RS18660",1248,1283,1071,674,637,528
"CF003_RS18665",15,20,20,6,6,8
"CF003_RS18670",839,757,928,762,754,754
"CF003_RS18675",402,403,301,488,451,543
"CF003_RS18680",629,848,636,470,423,661
"CF003_RS18685",297,288,245,250,210,229
"CF003_RS18690",66,57,71,45,52,61
"CF003_RS18695",191,168,158,98,125,137
"CF003_RS18700",176,145,138,107,115,126
"CF003_RS18705",228,146,178,144,174,157
"CF003_RS18720",182,111,220,131,135,114
"CF003_RS18725",121,112,133,139,144,135
"CF003_RS18735",340,288,326,128,127,134
"CF003_RS18740",853,858,890,605,619,549
"CF003_RS18745",759,980,896,381,389,412
"CF003_RS18750",712,909,666,729,727,767
"CF003_RS18755",293,324,326,203,179,267
"CF003_RS18760",354,355,362,186,157,202
"CF003_RS18765",365,367,679,162,183,212
"CF003_RS18775",110,73,87,75,81,75
"CF003_RS18785",65,64,68,79,75,90
"CF003_RS18790",80,83,80,89,82,95
"CF003_RS18795",199,209,209,119,140,128
"CF003_RS18800",169,141,152,116,119,124
"CF003_RS18805",1990,1987,2183,679,560,630
"CF003_RS18810",209,178,173,72,87,98
"CF003_RS18815",337,292,280,140,161,156
"CF003_RS18820",444,371,397,194,233,208
"CF003_RS18825",2,6,4,3,3,2
"CF003_RS18830",9,12,16,2,1,0
"CF003_RS18835",339,256,295,123,134,152
"CF003_RS18840",533,438,348,242,240,272
"CF003_RS18845",173,198,157,85,72,108
"CF003_RS18850",112,123,103,41,35,73
"CF003_RS18855",502,591,399,384,347,410
"CF003_RS18860",221,274,213,105,131,160
"CF003_RS18865",73,91,68,36,30,70
"CF003_RS18870",900,1990,904,351,908,707
"CF003_RS18875",83,103,95,42,43,59
"CF003_RS18880",141,132,159,82,79,101
"CF003_RS18885",123,114,126,102,92,91
"CF003_RS18890",58,54,65,33,42,50
"CF003_RS18895",65,79,62,37,36,46
"CF003_RS18900",80,98,74,74,75,65
"CF003_RS18910",82,98,95,89,105,124
"CF003_RS18915",43,42,42,37,55,61
"CF003_RS18920",730,749,655,753,829,834
"CF003_RS18925",160,140,117,118,111,121
"CF003_RS18935",802,744,919,934,917,615
"CF003_RS18940",635,712,887,1193,1290,948
"CF003_RS18945",143,183,182,206,212,181
"CF003_RS18950",414,334,332,308,336,346
"CF003_RS18955",80,74,73,73,71,63
"CF003_RS18960",299,313,205,154,178,181
"CF003_RS18965",78,68,58,41,51,57
"CF003_RS18970",65,58,49,54,60,78
"CF003_RS18975",93,82,94,127,151,100
"CF003_RS18980",2620,2233,1926,3565,3096,2616
"CF003_RS18985",92,87,66,40,36,68
"CF003_RS18990",2396,2546,1478,907,792,1118
"CF003_RS19000",189,157,158,162,196,138
"CF003_RS19005",199,148,136,138,168,149
"CF003_RS19010",108,101,86,89,80,101
"CF003_RS19015",1480,1745,1499,1470,1303,1580
"CF003_RS19020",329,384,331,98,113,95
"CF003_RS19025",2637,3330,2809,1424,1283,1238
"CF003_RS19030",903,813,927,425,449,478
"CF003_RS19035",47,63,51,27,22,50
"CF003_RS19040",26,37,26,38,39,56
"CF003_RS19045",21,21,18,49,55,65
"CF003_RS19050",15,16,9,24,35,41
"CF003_RS19055",5,5,3,6,10,7
"CF003_RS19060",316,358,301,251,264,304
"CF003_RS19065",130,166,120,87,88,123
"CF003_RS19070",50,67,51,38,38,59
"CF003_RS19075",76,68,58,46,53,53
"CF003_RS19080",289,130,265,108,97,100
"CF003_RS19085",148,57,138,60,55,69
"CF003_RS19090",307,183,293,134,151,162
"CF003_RS19095",295,337,239,195,174,191
"CF003_RS19100",160,143,142,131,135,145
"CF003_RS19105",329,328,255,223,231,252
"CF003_RS19110",160,168,184,132,139,169
"CF003_RS19115",151,172,140,142,137,187
"CF003_RS19120",78,121,79,76,74,103
"CF003_RS19125",49,76,50,41,36,56
"CF003_RS19135",9,21,16,5,8,4
"CF003_RS19140",2,10,4,1,0,3
"CF003_RS19145",375,406,335,209,169,246
"CF003_RS19155",685,1119,954,478,424,772
"CF003_RS19160",62,48,48,79,92,84
"CF003_RS19165",101,107,99,119,121,110
"CF003_RS19170",89,62,71,65,85,50
"CF003_RS19175",485,392,463,459,456,352
"CF003_RS19180",320,287,280,282,312,315
"CF003_RS19185",130,99,121,167,187,182
"CF003_RS19190",4135,4269,4402,11141,9726,11637
"CF003_RS19195",157,216,168,139,142,155
"CF003_RS19200",233,196,336,429,413,389
"CF003_RS19205",77,73,94,36,35,81
"CF003_RS19210",101,107,78,72,55,112
"CF003_RS19215",148,195,143,180,179,255
"CF003_RS19220",210,233,222,281,329,258
"CF003_RS19225",268,329,407,283,360,244
"CF003_RS19230",269,317,291,281,358,243
"CF003_RS19235",307,259,217,338,375,280
"CF003_RS19240",490,492,584,378,373,293
"CF003_RS19245",720,571,765,426,466,431
"CF003_RS19250",1301,1304,1476,906,959,823
"CF003_RS19255",830,792,1042,429,539,502
"CF003_RS19260",1140,1190,1008,926,939,800
"CF003_RS19265",278,252,384,122,140,176
"CF003_RS19270",126,150,139,140,144,194
"CF003_RS19275",208,229,186,285,284,333
"CF003_RS19280",231,223,195,280,293,334
"CF003_RS19285",112,135,135,95,73,118
"CF003_RS19295",466,397,547,410,405,318
"CF003_RS19300",750,699,718,540,548,306
"CF003_RS19305",51,40,65,5,15,28
"CF003_RS19310",3602,4083,2986,2899,2552,2018
"CF003_RS19315",758,845,744,613,527,671
"CF003_RS19320",335,227,389,461,366,287
"CF003_RS19325",6314,6536,6795,3495,5291,6162
"CF003_RS19330",3591,2260,3293,5814,4515,6371
"CF003_RS19335",96,90,83,21,19,20
"CF003_RS19340",98,89,84,89,111,94
"CF003_RS19345",5,5,6,5,7,5
"CF003_RS19355",1769,1717,2010,1267,1163,1145
"CF003_RS19360",2199,1992,2490,906,946,1063
"CF003_RS19365",103,124,101,57,53,64
"CF003_RS19370",5515,3397,4121,16152,13250,18875
"CF003_RS19380",31,73,27,18,28,39
"CF003_RS19385",16,42,19,7,17,17
"CF003_RS19390",7370,7369,7434,14667,15908,12180
"CF003_RS19405",317,384,248,474,511,463
"CF003_RS19410",112,137,104,82,110,118
"CF003_RS19415",209,209,185,158,182,198
"CF003_RS19420",411,462,383,249,273,295
"CF003_RS19425",364,340,354,189,237,225
"CF003_RS19430",682,755,612,448,515,467
"CF003_RS19435",919,857,795,783,785,759
"CF003_RS19440",111,132,92,55,44,66
"CF003_RS19445",126,144,124,44,46,73
"CF003_RS19450",453,712,389,74,81,134
"CF003_RS19455",58,110,59,43,54,106
"CF003_RS19460",818,1128,1066,1263,1355,1406
"CF003_RS19465",179,141,147,121,139,119
"CF003_RS19475",202,192,286,130,132,154
"CF003_RS19480",196,134,219,113,115,90
"CF003_RS19485",132,132,188,175,184,141
"CF003_RS19495",204,354,257,483,741,658
"CF003_RS19500",88,101,96,472,380,320
"CF003_RS19510",791,854,847,364,380,464
"CF003_RS19515",147,177,136,128,109,146
"CF003_RS19520",158,163,170,89,98,128
"CF003_RS19525",329,371,420,280,273,314
"CF003_RS19530",684,683,568,587,541,419
"CF003_RS19535",416,333,416,471,474,313
"CF003_RS19540",597,556,512,440,507,428
"CF003_RS19545",209,199,199,204,218,255
"CF003_RS19550",249,266,281,307,292,402
"CF003_RS19555",406,364,426,284,316,302
"CF003_RS19560",538,449,544,335,374,397
"CF003_RS19565",209,196,211,178,164,189
"CF003_RS19570",124,128,96,67,71,97
"CF003_RS19575",34,47,31,32,40,64
"CF003_RS19580",244,248,254,76,96,157
"CF003_RS19585",2,3,9,4,5,10
"CF003_RS19590",57,66,67,31,46,57
"CF003_RS19600",2,3,6,2,2,3
"CF003_RS19605",5,11,15,5,9,13
"CF003_RS19610",0,2,3,1,1,1
"CF003_RS19615",5,13,8,6,6,10
"CF003_RS19625",25,27,45,7,10,14
"CF003_RS19630",43,51,52,14,16,17
"CF003_RS19635",9,8,16,2,4,6
"CF003_RS19640",251,178,234,276,234,249
"CF003_RS19645",24,26,18,24,30,27
"CF003_RS19650",36,38,29,35,36,36
"CF003_RS19655",60,58,48,46,48,51
"CF003_RS19660",90,67,61,74,89,96
"CF003_RS19665",194,167,126,199,165,227
"CF003_RS19670",247,205,188,131,186,215
"CF003_RS19675",106,112,86,59,55,74
"CF003_RS19690",653,397,682,1822,1825,1078
"CF003_RS19705",945,839,1173,4487,4760,4634
"CF003_RS19710",455,399,706,778,973,835
"CF003_RS19720",1126,1159,1270,673,761,539
"CF003_RS19725",1805,2318,1926,1038,1198,926
"CF003_RS19730",1730,1660,1883,994,1071,935
"CF003_RS19735",1802,2270,2608,1315,1461,1421
"CF003_RS19740",1898,2374,2836,1433,1561,1583
"CF003_RS19745",627,849,1052,417,451,536
"CF003_RS19750",1382,1656,2749,717,836,848
"CF003_RS19755",2197,2953,2541,1350,1333,1291
"CF003_RS19760",3124,3498,3729,2396,2516,2165
"CF003_RS19765",1673,2125,2168,1486,1608,1334
"CF003_RS19770",711,748,1075,435,509,559
"CF003_RS19775",1733,1904,2459,1423,1254,1665
"CF003_RS19780",788,848,1022,575,534,726
"CF003_RS19785",970,1231,1211,709,670,821
"CF003_RS19790",1260,1759,2137,935,1073,1111
"CF003_RS19795",1579,1717,1347,952,1047,1082
"CF003_RS19800",1997,2032,2095,1529,1618,1601
"CF003_RS19805",1253,1459,2312,1032,1054,1069
"CF003_RS19810",1249,1397,1594,1147,1174,1260
"CF003_RS19815",254,180,421,126,165,165
"CF003_RS19820",649,665,723,494,561,588
"CF003_RS19825",722,793,714,545,577,625
"CF003_RS19830",1213,1279,1172,1150,1126,1237
"CF003_RS19835",521,523,786,416,428,487
"CF003_RS19840",488,629,781,460,559,511
"CF003_RS19845",823,961,676,826,887,835
"CF003_RS19850",576,1008,783,832,943,872
"CF003_RS19855",719,875,602,867,923,827
"CF003_RS19860",764,1095,916,973,1007,1072
"CF003_RS19865",540,815,545,687,751,839
"CF003_RS19870",923,1105,888,857,809,1111
"CF003_RS19875",442,606,424,553,528,953
"CF003_RS19880",797,875,570,565,441,993
"CF003_RS19885",79,75,70,42,40,38
"CF003_RS19890",674,577,453,270,319,248
"CF003_RS19895",288,238,212,78,96,110
"CF003_RS19900",265,223,176,65,83,103
"CF003_RS19905",209,203,190,103,110,123
"CF003_RS19910",529,419,404,337,383,294
"CF003_RS19915",2121,1925,1634,1516,1480,1331
"CF003_RS19920",4,6,8,2,1,0
"CF003_RS19925",382,446,422,443,410,375
"CF003_RS19930",314,333,284,290,330,291
"CF003_RS19935",120,164,100,92,104,138
"CF003_RS19940",264,412,291,301,278,428
"CF003_RS19945",53,73,61,57,55,106
"CF003_RS19950",624,632,526,396,382,408
"CF003_RS19960",317,331,432,225,197,282
"CF003_RS19965",808,568,1774,450,425,572
"CF003_RS19970",1811,1573,2392,940,965,1065
"CF003_RS19975",227,279,192,119,117,139
"CF003_RS19980",28,24,20,16,13,21
"CF003_RS19990",305,224,156,96,119,118
"CF003_RS19995",128,98,65,65,79,69
"CF003_RS20005",48,45,28,19,24,30
"CF003_RS20010",63,39,42,34,40,34
"CF003_RS20020",203,174,168,120,109,152
"CF003_RS20030",117,101,67,168,172,196
"CF003_RS20035",59,73,57,33,36,41
"CF003_RS20040",61,96,70,32,41,50
"CF003_RS20045",110,96,62,164,165,190
"CF003_RS20050",55,44,33,59,84,56
"CF003_RS20055",69,56,50,77,103,72
"CF003_RS20065",12,10,6,44,57,29
"CF003_RS20070",30,16,30,64,75,45
"CF003_RS20075",52,46,57,113,162,114
"CF003_RS20080",99,107,131,170,250,137
"CF003_RS20085",130,137,196,271,389,212
"CF003_RS20090",103,120,155,286,365,184
"CF003_RS20095",112,110,115,255,314,167
"CF003_RS20100",141,132,209,306,330,239
"CF003_RS20105",81,64,142,159,195,181
"CF003_RS20110",14,12,21,26,28,33
"CF003_RS20115",167,180,220,333,350,299
"CF003_RS20120",0,1,1,2,0,1
"CF003_RS20125",103,72,87,80,87,90
"CF003_RS20130",31,26,29,26,25,31
"CF003_RS20135",56,59,82,55,53,64
"CF003_RS20140",11,11,16,8,9,11
"CF003_RS20145",210,172,238,67,73,76
"CF003_RS20150",555,455,376,241,267,308
"CF003_RS20155",81,109,113,43,52,60
"CF003_RS20160",189,192,140,80,92,102
"CF003_RS20165",144,131,123,83,108,142
"CF003_RS20170",246,191,172,90,108,116
"CF003_RS20175",275,219,203,196,244,188
"CF003_RS20180",61,68,43,28,24,28
"CF003_RS20185",60,102,84,34,38,54
"CF003_RS20190",16,30,19,24,30,33
"CF003_RS20195",117,131,119,102,99,85
"CF003_RS20200",926,911,998,941,870,859
"CF003_RS20215",137,106,143,100,125,60
"CF003_RS20220",115,109,133,105,122,75
"CF003_RS20225",145,171,200,133,137,113
"CF003_RS20230",137,146,274,123,130,155
"CF003_RS20235",71,69,160,111,108,147
"CF003_RS20240",131,144,220,189,237,200
"CF003_RS20245",53,53,99,100,139,96
"CF003_RS20250",113,107,214,264,231,203
"CF003_RS20255",2,2,3,2,1,2
"CF003_RS20260",148,143,183,77,83,105
"CF003_RS20265",383,358,375,215,223,246
"CF003_RS20270",763,509,585,298,386,300
"CF003_RS20275",28,15,25,4,7,10
"CF003_RS20280",3554,3663,3527,10899,10994,10859
"CF003_RS20285",132,86,82,77,100,122
"CF003_RS20290",725,576,416,287,265,305
"CF003_RS20295",231,216,191,98,92,103
"CF003_RS20300",239,208,198,199,195,217
"CF003_RS20305",109,86,118,118,112,96
"CF003_RS20310",1168,712,1458,1322,1137,979
"CF003_RS20315",38,32,28,14,17,15
"CF003_RS20320",355,356,354,114,137,136
"CF003_RS20325",130,113,137,32,34,54
"CF003_RS20330",70,59,61,43,54,53
"CF003_RS20335",43,49,38,25,29,34
"CF003_RS20340",18,15,13,48,46,31
"CF003_RS20345",13,17,13,38,42,31
"CF003_RS20350",63,59,101,184,212,171
"CF003_RS20355",71,84,98,73,62,77
"CF003_RS20360",76,75,97,62,68,54
"CF003_RS20365",0,0,0,1,0,0
"CF003_RS20370",107,77,63,85,97,92
"CF003_RS20375",366,342,320,154,144,173
"CF003_RS20380",85,84,74,85,62,109
"CF003_RS20385",125,85,117,81,92,82
"CF003_RS20390",1282,1024,1818,1369,1316,957
"CF003_RS20395",1243,946,1894,1061,1115,715
"CF003_RS20400",2449,1790,2790,3404,3152,2509
"CF003_RS20405",193,220,218,118,119,136
"CF003_RS20410",132,131,129,60,54,70
"CF003_RS20415",947,865,982,837,743,935
"CF003_RS20420",934,1098,1106,674,619,678
"CF003_RS20430",20,37,29,3,3,12
"CF003_RS20435",166,140,155,169,168,160
"CF003_RS20450",904,870,1161,561,547,526
"CF003_RS20455",328,317,321,171,197,200
"CF003_RS20460",408,367,339,355,356,348
"CF003_RS20465",6,1,0,6,1,3
"CF003_RS20470",5,2,7,3,3,5
"CF003_RS20475",153,118,120,64,58,52
"CF003_RS20480",442,421,373,234,250,270
"CF003_RS20485",385,364,344,360,326,441
"CF003_RS20490",193,218,228,183,223,319
"CF003_RS20495",464,380,370,460,414,486
"CF003_RS20500",126,120,106,104,90,136
"CF003_RS20505",179,174,159,139,155,162
"CF003_RS20510",68,61,78,69,82,60
"CF003_RS20515",195,109,209,65,57,62
"CF003_RS20520",124,48,83,24,51,49
"CF003_RS20525",476,471,463,59,51,78
"CF003_RS20530",5774,5590,4657,224,190,361
"CF003_RS20535",109,89,191,16,27,27
"CF003_RS20545",40,35,30,34,31,46
"CF003_RS20550",93,100,92,49,46,61
"CF003_RS20555",15,12,11,16,13,18
"CF003_RS20560",64,58,36,38,48,50
"CF003_RS20565",61,77,63,39,41,43
"CF003_RS20570",826,1297,1020,1100,997,1714
"CF003_RS20575",262,261,233,163,151,213
"CF003_RS20585",667,687,551,313,300,333
"CF003_RS20590",843,949,854,696,618,711
"CF003_RS20595",762,1075,738,603,530,575
"CF003_RS20600",399,516,396,255,248,341
"CF003_RS20605",244,269,220,145,135,189
"CF003_RS20610",104,147,76,47,48,64
"CF003_RS20615",43,56,39,21,25,33
"CF003_RS20620",211,175,165,126,133,112
"CF003_RS20625",74,84,69,52,51,60
"CF003_RS20630",60,64,58,67,78,63
"CF003_RS20635",90,94,93,98,101,105
"CF003_RS20640",415,475,505,310,271,393
"CF003_RS20645",242,196,185,88,92,113
"CF003_RS20655",575,825,767,2531,1932,3046
"CF003_RS20660",547,811,625,2277,1722,2781
"CF003_RS20665",2191,2848,2761,13439,9989,15427
"CF003_RS20670",1,4,2,1,0,2
"CF003_RS20675",1349,1801,1409,530,655,779
"CF003_RS20680",1848,2807,2146,656,659,825
"CF003_RS20685",7,4,6,6,3,3
"CF003_RS20690",7,6,5,6,5,2
"CF003_RS20695",10,8,8,10,9,10
"CF003_RS20700",8,7,5,7,6,7
"CF003_RS20705",16,17,22,6,2,6
"CF003_RS20710",43,56,36,30,29,44
"CF003_RS20715",187,212,226,147,136,135
"CF003_RS20720",4,1,3,1,1,0
"CF003_RS20725",1,1,3,1,1,0
"CF003_RS20730",413,333,565,180,160,277
"CF003_RS20735",315,293,356,186,162,151
"CF003_RS20740",114,133,133,66,70,77
"CF003_RS20745",233,320,291,140,149,184
"CF003_RS20755",144,98,139,65,86,72
"CF003_RS20760",2569,2077,2391,2438,2333,2046
"CF003_RS20770",321,329,374,229,209,265
"CF003_RS20775",179,170,165,101,107,125
"CF003_RS20780",118,85,81,43,63,65
"CF003_RS20785",176,156,167,183,182,176
"CF003_RS20790",6,4,6,6,4,5
"CF003_RS20795",8,7,7,12,9,11
"CF003_RS20800",25,29,27,90,85,89
"CF003_RS20805",3,8,4,8,7,13
"CF003_RS20810",4,8,4,9,7,14
"CF003_RS20815",8,13,10,14,9,19
"CF003_RS20820",42,35,47,33,31,32
"CF003_RS20830",504,471,604,107,80,123
"CF003_RS20835",240,174,334,95,84,139
"CF003_RS20840",869,1157,894,531,429,622
"CF003_RS20845",146,184,138,83,88,132
"CF003_RS20850",159,199,139,156,142,195
"CF003_RS20855",331,349,264,310,412,245
"CF003_RS20860",127,142,117,72,111,67
"CF003_RS20865",94,102,95,52,80,50
"CF003_RS20870",59,63,53,80,81,112
"CF003_RS20875",60,62,52,48,54,88
"CF003_RS20880",146,160,144,123,147,151
"CF003_RS20885",320,345,292,295,303,287
"CF003_RS20895",568,655,575,469,469,455
"CF003_RS20900",21,23,18,12,21,15
"CF003_RS20905",251,171,206,285,292,265
"CF003_RS20910",282,279,273,370,369,363
"CF003_RS20915",260,221,307,192,178,148
"CF003_RS20920",179,174,129,82,102,121
"CF003_RS20925",171,154,139,125,145,157
"CF003_RS20930",99,91,72,54,69,71
"CF003_RS20940",18,39,32,31,28,55
"CF003_RS20945",75,105,61,60,80,101
"CF003_RS20950",206,228,136,179,226,297
"CF003_RS20955",262,355,308,277,310,395
"CF003_RS20960",226,276,166,154,150,216
"CF003_RS20965",894,1204,1056,2523,2084,2403
"CF003_RS20970",329,484,370,1025,780,1157
"CF003_RS20990",308,212,548,302,261,269
"CF003_RS20995",126,143,113,113,119,206
"CF003_RS21000",143,162,149,245,197,274
"CF003_RS21005",3880,3650,4264,2673,2524,2468
"CF003_RS21010",380,550,451,310,291,494
"CF003_RS21015",462,674,458,333,303,458
"CF003_RS21020",447,574,651,150,156,311
"CF003_RS21025",615,677,853,1133,1229,898
"CF003_RS21030",15,9,12,7,8,3
"CF003_RS21035",217,327,218,453,419,456
"CF003_RS21040",191,262,158,299,285,357
"CF003_RS21045",150,235,124,292,267,342
"CF003_RS21050",70,101,64,133,135,201
"CF003_RS21055",416,451,318,222,238,274
"CF003_RS21060",181,163,139,160,134,217
"CF003_RS21070",131,127,103,125,121,114
"CF003_RS21075",61,46,68,66,74,55
"CF003_RS21080",173,153,112,112,70,105
"CF003_RS21085",299,280,261,197,213,221
"CF003_RS21090",419,409,400,226,221,252
"CF003_RS21095",605,603,605,520,460,405
"CF003_RS21105",3115,4040,2974,2547,2023,2999
"CF003_RS21120",49,34,56,21,24,25
"CF003_RS21130",462,405,506,387,341,302
"CF003_RS21135",4217,3723,5827,9597,8243,5335
"CF003_RS21140",222,200,234,117,94,119
"CF003_RS21145",325,301,229,183,155,199
"CF003_RS21150",274,184,231,109,88,130
"CF003_RS21155",532,376,214,128,95,127
"CF003_RS21160",276,221,193,273,295,256
"CF003_RS21165",452,634,337,304,483,352
"CF003_RS21170",317,286,292,189,197,249
"CF003_RS21175",1208,819,775,803,1142,888
"CF003_RS21180",586,547,336,321,517,336
"CF003_RS21185",354,383,500,196,271,193
"CF003_RS21190",108,76,84,71,73,74
"CF003_RS21195",50,42,96,11,10,12
"CF003_RS21200",371,246,440,76,61,135
"CF003_RS21205",195,147,204,36,60,56
"CF003_RS21210",117,324,183,59,301,156
"CF003_RS21215",193,277,269,53,229,157
"CF003_RS21220",451,409,314,119,128,119
"CF003_RS21225",2050,1734,1872,967,1025,672
"CF003_RS21230",64,97,68,31,36,43
"CF003_RS21235",297,247,225,91,95,103
"CF003_RS21240",179,170,146,47,60,60
"CF003_RS21245",156,169,129,53,51,64
"CF003_RS21250",2,0,0,0,0,0
"CF003_RS21255",6,3,6,3,3,3
"CF003_RS21260",91,82,69,45,45,59
"CF003_RS21265",66,62,68,69,60,90
"CF003_RS21270",49,54,39,44,51,69
"CF003_RS21275",206,127,242,248,241,200
"CF003_RS21280",363,205,309,380,310,320
"CF003_RS21285",31,20,29,40,38,36
"CF003_RS21290",67,52,55,110,83,109
"CF003_RS21300",0,1,0,0,0,0
"CF003_RS21310",10,8,15,3,4,1
"CF003_RS21315",1,3,3,1,0,2
"CF003_RS21320",6,5,4,9,11,9
"CF003_RS21325",3,3,4,2,5,4
"CF003_RS21330",2,1,0,0,0,0
"CF003_RS21335",2,1,6,5,4,2
"CF003_RS21340",3,1,1,1,1,1
"CF003_RS21345",0,0,1,1,0,0
"CF003_RS21355",1,1,2,1,0,0
"CF003_RS21360",8,7,8,4,2,2
"CF003_RS21370",1,0,1,1,0,0
"CF003_RS21375",2,2,2,1,2,6
"CF003_RS21380",12,16,24,9,16,12
"CF003_RS21385",3,1,5,0,0,0
"CF003_RS21390",4,3,6,1,1,1
"CF003_RS21395",5,5,4,12,24,12
"CF003_RS21405",0,0,0,0,0,0
"CF003_RS21410",0,0,1,0,0,1
"CF003_RS21415",5,2,2,3,0,3
"CF003_RS21420",6,6,3,1,3,2
"CF003_RS21425",0,3,7,0,1,0
"CF003_RS21430",0,0,0,0,0,0
"CF003_RS21435",26,23,58,13,23,15
"CF003_RS21440",9,9,13,4,11,8
"CF003_RS21445",0,0,0,0,0,0
"CF003_RS21450",4,3,6,0,0,0
"CF003_RS21455",0,1,2,0,0,0
"CF003_RS21460",17,9,14,10,6,6
"CF003_RS21465",1,1,0,0,0,0
"CF003_RS21470",5359,6574,10074,3160,3005,3047
"CF003_RS21475",1,0,0,0,1,0
"CF003_RS21485",3,1,2,2,1,1
"CF003_RS21490",9,8,10,3,1,3
"CF003_RS21495",0,0,2,1,1,2
"CF003_RS21500",8,13,10,3,8,6
"CF003_RS21505",1,1,0,1,2,2
"CF003_RS21510",1,3,3,0,0,1
"CF003_RS21515",122,88,74,111,80,74
"CF003_RS21525",2,2,2,0,0,0
"CF003_RS21530",1,2,2,1,3,2
"CF003_RS21535",8,12,7,9,8,6
"CF003_RS21540",33,42,61,20,22,31
"CF003_RS21545",0,0,0,0,0,0
"CF003_RS21550",1,0,3,0,0,0
"CF003_RS21560",74,88,84,38,40,34
"CF003_RS21565",1649,1635,2617,487,608,285
"CF003_RS21570",2,1,4,3,1,1
"CF003_RS21575",0,1,0,3,0,0
"CF003_RS21580",1,1,0,1,1,0
"CF003_RS21585",32,27,23,4,2,2
"CF003_RS21590",5,5,6,7,2,3
"CF003_RS21595",6,4,3,5,3,1
"CF003_RS21600",4,6,1,13,19,16
"CF003_RS21605",15,6,12,2,1,5
"CF003_RS21610",25,16,13,14,8,10
"CF003_RS21615",284,385,209,121,135,163
"CF003_RS21620",1,1,1,1,1,0
"CF003_RS21625",2,3,5,1,0,1
"CF003_RS21630",1,0,1,0,1,0
"CF003_RS21635",48,45,40,14,21,15
"CF003_RS21640",1,1,1,0,0,0
"CF003_RS21645",69,92,122,49,55,48
"CF003_RS21650",15,9,20,4,3,3
"CF003_RS21655",7,10,4,7,3,6
"CF003_RS21660",0,0,0,0,0,0
"Predicted_antisense_transcipt-1",604,666,976,249,284,260
"Predicted_antisense_transcipt-2",959,1181,1056,434,418,367
"Predicted_antisense_transcipt-3",698,887,1168,129,129,125
"Predicted_non_antisense_transcript-1",992,802,1038,635,654,563
"Predicted_non_antisense_transcript-10",1616,725,894,1521,1387,879
"Predicted_non_antisense_transcript-11",717,918,987,105,126,150
"Predicted_non_antisense_transcript-12",1132,585,371,378,232,320
"Predicted_non_antisense_transcript-13",427,442,960,256,198,360
"Predicted_non_antisense_transcript-14",3405,5544,3797,1747,1911,2247
"Predicted_non_antisense_transcript-15",434,552,1290,411,503,474
"Predicted_non_antisense_transcript-16",213,180,356,1242,1087,1866
"Predicted_non_antisense_transcript-17",1429,1492,1042,371,363,478
"Predicted_non_antisense_transcript-18",1342,899,2118,3556,3273,1739
"Predicted_non_antisense_transcript-19",895,910,820,194,192,147
"Predicted_non_antisense_transcript-2",1032,1042,699,702,756,602
"Predicted_non_antisense_transcript-20",669,503,913,854,803,407
"Predicted_non_antisense_transcript-21",23380,25546,21791,30951,30697,23243
"Predicted_non_antisense_transcript-22",1195,767,1932,3047,2877,1483
"Predicted_non_antisense_transcript-23",1216,835,2099,3012,2785,1446
"Predicted_non_antisense_transcript-24",1193,804,2070,2993,2796,1426
"Predicted_non_antisense_transcript-25",629,394,499,1648,1902,1144
"Predicted_non_antisense_transcript-26",1223,1360,1689,1204,1178,1278
"Predicted_non_antisense_transcript-27",1072,1370,668,667,632,785
"Predicted_non_antisense_transcript-28",1210,832,2096,3008,2778,1439
"Predicted_non_antisense_transcript-29",629,394,499,1648,1902,1144
"Predicted_non_antisense_transcript-3",896,633,673,564,651,554
"Predicted_non_antisense_transcript-30",4785,4601,3976,2033,2468,2516
"Predicted_non_antisense_transcript-31",912,1670,1101,712,694,801
"Predicted_non_antisense_transcript-32",672,452,803,904,856,415
"Predicted_non_antisense_transcript-33",804,354,689,2137,2062,1122
"Predicted_non_antisense_transcript-34",1342,899,2118,3556,3272,1739
"Predicted_non_antisense_transcript-35",629,394,499,1648,1902,1144
"Predicted_non_antisense_transcript-36",1213,833,2092,3003,2779,1442
"Predicted_non_antisense_transcript-37",889,858,625,487,449,247
"Predicted_non_antisense_transcript-38",1000,839,863,689,587,406
"Predicted_non_antisense_transcript-39",727,412,992,210,211,314
"Predicted_non_antisense_transcript-4",875,957,1050,753,633,656
"Predicted_non_antisense_transcript-40",2587,3035,2664,1432,1412,1493
"Predicted_non_antisense_transcript-41",396,415,535,800,907,624
"Predicted_non_antisense_transcript-42",544,321,538,1331,1289,605
"Predicted_non_antisense_transcript-43",1214,835,2100,3009,2780,1441
"Predicted_non_antisense_transcript-44",1192,1580,2117,776,921,993
"Predicted_non_antisense_transcript-45",1212,814,2010,3067,2871,1458
"Predicted_non_antisense_transcript-46",1369,963,2482,3315,3085,1568
"Predicted_non_antisense_transcript-47",630,393,494,1648,1906,1145
"Predicted_non_antisense_transcript-48",1221,820,2008,3069,2879,1467
"Predicted_non_antisense_transcript-5",1422,968,2483,3276,3025,1545
"Predicted_non_antisense_transcript-6",856,577,639,768,897,1255
"Predicted_non_antisense_transcript-7",2166,2282,3089,795,998,445
"Predicted_non_antisense_transcript-8",720,719,1253,317,298,399
"Predicted_non_antisense_transcript-9",2315,2153,2245,1284,1271,1183
