"gene_id","Input.1","Input.2","Input.3","X5.Hr.1","X5.Hr.2","X5.Hr.3","X24.Hr.1","X24.Hr.2","X24.Hr.3"
"dnaA",5640,5096,4812,111,182,98,10,14,21
"dnaN",6111,9577,13130,148,238,84,19,19,20
"SPY49_RS00015",455,1031,969,3,2,2,0,0,1
"ychF",7313,13641,16755,83,142,69,11,14,18
"SPY49_RS00025",619,657,599,11,14,4,0,0,4
"mfd",2961,4117,3855,78,116,25,10,12,10
"SPY49_RS00035",805,1335,949,13,21,5,1,3,0
"SPY49_RS00040",1166,1669,1215,8,21,6,1,1,1
"SPY49_RS00045",3596,6654,6238,54,84,34,5,6,9
"tilS",2508,6029,3945,41,49,16,1,1,3
"hpt",9205,13755,9695,81,150,47,7,2,14
"ftsH",40068,40121,34511,558,990,418,69,70,92
"SPY49_RS00065",5342,10725,11162,63,123,44,6,2,12
"SPY49_RS00070",77789,22234,8436,1147,2997,1586,105,245,371
"SPY49_RS00075",0,0,0,1,0,1,0,0,0
"SPY49_RS00080",0,22,35,0,4266,21,0,0,45
"rrf_1",1180,750,636,0,0,0,1,1,0
"SPY49_RS00090",174,114,99,0,3,0,0,0,0
"SPY49_RS00095",200,273,353,0,1,1,1,0,0
"SPY49_RS00100",160,225,220,0,1,2,0,0,0
"SPY49_RS00105",409,256,268,2,6,2,0,0,1
"SPY49_RS00110",77,104,142,1,3,3,0,0,0
"SPY49_RS00115",0,198,179,1,0,0,0,0,0
"SPY49_RS00120",469,1184,906,6,16,3,0,0,2
"SPY49_RS00125",95,181,120,1,4,1,0,0,0
"SPY49_RS00130",797,666,488,2,21,6,1,0,3
"SPY49_RS00135",131156,23873,10339,1077,9,1660,476,31,157
"SPY49_RS00140",64,40,26,0,0,0,0,0,0
"SPY49_RS00145",67,22,0,50,234,21,43,0,9
"rrf_2",1163,795,657,17,8,4,0,1,0
"SPY49_RS00155",190,103,98,1,4,1,0,0,0
"SPY49_RS00160",231,317,336,0,0,1,0,0,0
"SPY49_RS00165",129,185,208,0,0,3,0,0,0
"SPY49_RS00170",415,276,232,4,10,7,0,0,0
"SPY49_RS00175",69,107,160,0,4,1,0,0,1
"SPY49_RS00180",185,185,207,1,0,2,0,0,0
"SPY49_RS00185",684,1080,1161,3,0,2,0,2,3
"SPY49_RS00190",98,133,110,1,0,0,0,0,0
"SPY49_RS00195",884,830,645,2,0,0,1,1,0
"SPY49_RS00200",576,611,500,1,2,1,0,0,2
"SPY49_RS00205",168,207,196,1,0,4,0,0,0
"SPY49_RS00210",396,631,601,2,6,3,2,0,1
"SPY49_RS00215",122,356,258,0,1,3,0,0,0
"SPY49_RS00220",47,68,81,0,0,4,0,0,0
"SPY49_RS00225",94,110,111,0,1,1,1,0,0
"SPY49_RS00230",22,37,30,0,3,0,0,0,1
"SPY49_RS00235",125,243,187,1,1,2,0,0,0
"SPY49_RS00240",61005,47233,28712,1410,3193,1137,211,176,151
"SPY49_RS00245",11978,26350,20011,114,180,56,16,15,27
"recO",1376,2990,2682,20,19,8,2,0,1
"plsX",6495,9243,12722,60,92,69,9,9,17
"SPY49_RS00260",571,1067,1069,4,5,2,1,0,2
"SPY49_RS00265",2627,640,481,18,34,8,10,7,6
"SPY49_RS00270",8934,3582,2969,78,347,83,53,18,33
"SPY49_RS00275",5049,1902,1695,62,209,56,32,14,23
"SPY49_RS00280",3427,1288,1127,20,117,24,17,1,19
"purN",1679,476,524,21,42,13,6,10,3
"purH",6491,2925,2354,49,260,54,41,20,20
"SPY49_RS00295",41,27,16,6,14,0,1,0,0
"purD",2068,197,206,9,90,23,14,3,3
"purE",540,82,90,3,21,11,5,2,0
"purK",1493,282,266,14,95,24,14,12,8
"SPY49_RS00315",3260,2161,1127,45,96,33,22,5,13
"purB",4571,4613,3948,59,156,43,17,17,13
"rgg4",350,368,208,2,11,1,0,0,0
"SPY49_RS09655",10,3,1,0,0,0,0,0,0
"ruvB",11075,6359,4328,216,280,117,15,19,31
"SPY49_RS00335",3585,4355,4761,63,88,23,3,3,12
"SPY49_RS00340",4442,3315,4016,61,130,40,3,12,12
"SPY49_RS00345",11212,14946,16663,231,385,149,23,21,34
"adhE",40193,13682,11392,48,108,16,13,5,18
"adhP",15555,2063,1169,102,134,28,10,13,19
"SPY49_RS00360",1705,967,691,31,75,27,2,0,1
"rpsJ",12049,6896,5828,115,251,111,23,12,30
"rplC",32431,9277,7818,368,757,317,76,72,105
"rplD",22130,4392,3866,254,529,219,35,49,55
"SPY49_RS00380",10479,2821,2334,100,239,116,26,21,32
"rplB",42384,6990,6711,401,1070,404,85,61,97
"rpsS",19345,3048,2817,151,435,183,40,32,48
"rplV",21670,3563,3643,184,431,179,40,18,55
"rpsC",43787,6697,7364,381,967,375,104,57,117
"rplP",28141,4191,4523,233,622,242,61,58,88
"SPY49_RS00410",10876,1653,1373,75,229,75,12,20,31
"rpsQ",28923,4035,3724,227,564,230,59,43,56
"rplN",25952,2158,2306,193,506,194,49,38,39
"rplX",23227,2176,2215,161,439,173,36,24,37
"rplE",50116,5602,5258,330,872,362,69,68,123
"SPY49_RS00435",6774,791,727,48,127,65,7,10,19
"rpsH",27496,3516,3637,198,567,198,40,34,63
"rplF",43980,4951,4724,274,938,386,76,63,62
"rplR",23141,2285,2002,155,425,172,39,35,60
"rpsE",26533,3643,3305,175,538,204,53,41,68
"rpmD",9913,2253,1891,82,164,98,18,17,24
"rplO",29632,5676,5141,233,643,254,45,22,67
"secY",87535,32889,33574,716,1969,763,154,132,237
"SPY49_RS00475",4988,5669,6439,58,109,36,7,4,14
"infA",12435,13311,10461,149,332,139,25,20,35
"rpmJ",10966,11639,7182,108,220,51,9,13,13
"rpsM",24598,20594,14362,271,644,246,56,53,48
"rpsK",25089,17357,10975,282,624,258,50,27,41
"SPY49_RS00495",61898,45621,25880,714,1693,635,148,146,127
"rplQ",18053,17610,12477,239,461,151,26,19,51
"SPY49_RS00505",1987,1600,8977,750,0,1497,175,0,0
"SPY49_RS00510",46,40,18,0,0,0,0,0,0
"SPY49_RS00515",26000,9521,7426,2009,309,2921,479,125,29
"rrf_3",281,348,361,0,0,0,0,0,0
"SPY49_RS00525",62,55,67,0,0,0,0,1,0
"SPY49_RS00530",82,83,153,2,1,0,1,0,0
"SPY49_RS00535",103,104,110,0,0,2,0,0,0
"SPY49_RS00540",170,200,259,0,3,1,0,0,0
"SPY49_RS00545",137,187,234,1,0,3,0,0,1
"SPY49_RS00550",105,222,168,0,0,2,0,0,1
"SPY49_RS00555",58,63,81,0,2,0,0,0,0
"SPY49_RS00560",391,665,867,3,5,0,1,0,1
"SPY49_RS00565",144,319,313,1,2,2,0,0,0
"SPY49_RS00570",102,395,301,3,0,2,0,0,2
"SPY49_RS00575",17,37,47,0,0,1,0,0,0
"SPY49_RS00580",11,13,18,1,0,0,0,0,0
"SPY49_RS00585",302,160,65,5,16,3,0,2,0
"SPY49_RS00590",1358,1930,1754,34,102,30,5,3,5
"SPY49_RS00595",1216,1045,541,37,82,12,2,4,8
"SPY49_RS00600",2783,2214,1543,101,284,82,11,20,23
"SPY49_RS00605",2943,2486,1844,106,296,101,18,22,21
"SPY49_RS00610",2262,3214,3221,100,258,91,12,10,19
"SPY49_RS00615",154,147,160,5,4,1,0,0,0
"SPY49_RS00620",6333,6106,5603,50,142,35,14,4,16
"pbp1b",16799,10645,9080,248,626,216,50,23,37
"rpoB",42153,8531,7136,585,1519,464,95,88,97
"rpoC",68966,9408,6507,760,2135,672,170,106,128
"SPY49_RS00640",2649,12559,10090,37,55,22,5,8,11
"tadA",41,43,36,1,10,2,0,0,0
"SPY49_RS00650",20,56,76,3,12,1,1,0,0
"SPY49_RS00655",8,10,16,3,5,0,0,0,0
"SPY49_RS00660",4,22,27,1,3,2,0,0,0
"SPY49_RS00665",1,3,7,1,1,0,0,0,0
"SPY49_RS00670",4,4,24,1,3,1,0,0,0
"SPY49_RS00675",7,8,4,2,1,0,0,2,0
"SPY49_RS00680",8686,6107,6329,88,179,67,9,15,16
"SPY49_RS00685",12326,27969,22386,184,398,111,35,20,54
"SPY49_RS00690",67,171,130,3,5,1,1,0,0
"SPY49_RS00695",3327,1005,918,12,73,20,11,2,11
"pepA",3968,1050,683,20,67,36,8,2,5
"SPY49_RS00710",154,760,1142,12,25,10,2,0,0
"SPY49_RS00715",1216,1294,1387,3,12,7,0,0,4
"SPY49_RS00720",690,668,554,3,6,3,0,0,0
"SPY49_RS00725",1986,2170,1889,12,30,16,1,1,4
"SPY49_RS00730",7,27,35,0,0,0,0,0,0
"SPY49_RS00735",3587,1949,1427,61,166,65,8,9,24
"dusB",5772,2087,1419,107,275,89,17,17,15
"hslO",4621,1161,1040,77,149,53,3,8,16
"SPY49_RS00750",678,615,476,116,183,51,7,6,9
"SPY49_RS00755",1463,3729,2729,64,54,17,7,3,9
"lepB_1",182,210,124,9,11,7,0,4,2
"SPY49_RS00765",667,1028,635,24,31,13,8,2,5
"srtB",513,1163,697,11,19,13,4,0,5
"SPY49_RS00775",526,921,630,20,37,5,3,2,3
"SPY49_RS00780",4175,3416,3841,108,189,58,11,14,12
"SPY49_RS00785",38516,43737,32293,1336,2521,890,139,180,204
"SPY49_RS00790",280,315,579,17,44,9,3,1,7
"SPY49_RS00795",4,8,3,7,10,10,3,2,1
"SPY49_RS00800",386,373,312,24,49,12,4,0,6
"SPY49_RS00805",9,11,5,12,14,25,1,2,12
"SPY49_RS00810",15,7,5,7,9,23,3,1,4
"SPY49_RS00815",20,8,11,7,6,18,2,0,4
"SPY49_RS00820",2073,4412,6243,28,72,20,7,3,6
"SPY49_RS00825",161,114,60,3,8,3,0,0,1
"SPY49_RS00830",440,326,193,5,16,14,4,1,10
"SPY49_RS00835",25,37,22,1,1,2,0,1,3
"SPY49_RS00840",157,90,56,10,16,13,5,1,6
"SPY49_RS00845",44,8,3,1,4,1,0,1,1
"SPY49_RS00850",77,7,9,7,8,3,0,0,2
"SPY49_RS00855",126,18,16,5,11,4,2,1,1
"SPY49_RS00860",42,6,2,2,2,3,0,2,1
"SPY49_RS00865",136,31,19,8,29,21,1,0,3
"SPY49_RS00870",147,31,30,12,31,23,0,2,2
"SPY49_RS00875",54,84,81,3,8,2,0,2,3
"SPY49_RS00880",5901,3060,2084,66,118,35,6,4,9
"SPY49_RS00885",2673,1989,1887,29,38,17,8,0,4
"SPY49_RS00890",15481,5809,3913,214,415,138,15,22,34
"SPY49_RS00895",16335,12315,12053,198,399,160,28,25,25
"nusG",3258,10863,9903,45,95,40,3,5,4
"nga",44,41,53,8,16,6,1,0,0
"SPY49_RS00910",20,33,26,4,4,2,0,0,0
"slo",99,137,131,17,20,8,1,3,5
"SPY49_RS00920",0,0,0,0,0,0,0,0,0
"SPY49_RS00925",0,8,21,0,0,0,0,0,0
"SPY49_RS09555",112,1366,2277,3,2,0,0,0,1
"SPY49_RS00930",4,3,9,0,1,0,0,1,0
"SPY49_RS00935",4838,11166,12292,91,174,57,12,16,16
"SPY49_RS00940",15541,7602,5674,226,560,202,39,35,40
"SPY49_RS00945",43,10,12,18,23,9,5,2,8
"SPY49_RS00950",5,3,2,4,7,3,0,0,3
"SPY49_RS00955",17,8,6,8,13,2,0,3,0
"SPY49_RS00960",18,3,3,2,11,8,5,0,4
"SPY49_RS00965",18,4,6,4,18,9,1,0,10
"SPY49_RS00970",23,7,2,9,14,17,2,2,7
"SPY49_RS00975",1250,2766,2060,44,75,24,12,3,8
"ulaG",598,947,970,36,97,40,6,1,26
"SPY49_RS00985",6410,1718,1552,2010,3336,1359,170,238,207
"SPY49_RS00990",12067,4706,3617,3292,5169,2420,288,431,293
"polA",18566,4862,3451,235,400,165,33,29,25
"SPY49_RS01000",4896,4500,5210,54,156,72,5,9,10
"perR",9201,6586,8854,109,232,74,21,13,27
"SPY49_RS01010",3152,1975,2499,45,91,28,9,2,6
"SPY49_RS01015",8290,15646,13341,100,224,77,12,20,27
"SPY49_RS01020",5292,19714,12653,102,197,62,8,10,19
"SPY49_RS09445",24,17,15,0,0,0,0,0,0
"SPY49_RS09450",872,1010,805,8,39,9,4,5,2
"SPY49_RS01050",530,306,159,19,178,59,10,1,17
"SPY49_RS01055",68,31,83,2,14,16,1,0,0
"SPY49_RS01060",219,140,129,10,14,8,0,0,0
"SPY49_RS01070",7542,11369,13174,102,171,57,20,8,29
"tgt",7075,6218,3530,85,273,65,11,16,16
"SPY49_RS09075",187,343,314,1,18,5,1,2,1
"SPY49_RS01080",313,516,598,10,27,4,0,4,2
"SPY49_RS01085",3672,997,986,36,69,26,5,4,4
"SPY49_RS01090",1931,496,419,15,40,13,12,0,2
"SPY49_RS01095",568,716,507,12,12,14,3,0,3
"ffs",289,466,338,0,4,1,0,0,0
"speG",501,888,637,19,14,4,0,0,0
"SPY49_RS01105",12283,17411,10779,96,318,97,29,11,33
"SPY49_RS01110",404,1036,1412,8,28,3,2,2,3
"SPY49_RS01115",1148,2095,2273,26,80,30,3,1,9
"galU",14941,6127,3629,146,271,122,16,31,28
"SPY49_RS01125",15547,6441,5086,124,277,122,14,23,31
"SPY49_RS01130",783,2842,2733,82,218,37,7,11,22
"SPY49_RS01135",2384,2494,2094,258,742,127,25,30,50
"SPY49_RS01140",2675,3128,2914,335,1038,242,33,57,66
"SPY49_RS01145",1568,1265,876,17,46,15,0,6,3
"SPY49_RS01150",2440,1985,1652,26,50,17,9,1,3
"radA",6127,3035,2095,76,122,49,9,13,5
"SPY49_RS01160",3487,2405,1959,39,44,25,1,7,10
"SPY49_RS01165",1717,6103,6667,25,46,11,1,3,6
"SPY49_RS01170",9118,13542,9912,127,254,80,15,22,32
"SPY49_RS01175",1122,2842,2901,35,59,26,3,13,4
"SPY49_RS01180",1061,2683,2916,28,86,19,2,4,6
"SPY49_RS01185",613,1930,2164,22,48,14,4,1,6
"rnpA",3097,2501,2362,39,63,27,2,8,7
"SPY49_RS01195",6347,3482,2827,119,153,84,20,11,20
"SPY49_RS01200",7785,5071,4160,113,181,91,16,19,23
"rpmH",3736,21699,14211,47,97,50,11,5,6
"SPY49_RS01210",792,495,342,52,233,58,11,13,5
"SPY49_RS01215",1570,268,213,128,334,108,14,12,18
"SPY49_RS01220",664,109,86,40,90,27,8,7,7
"SPY49_RS01225",537,73,52,41,73,24,8,5,5
"SPY49_RS01230",324,45,31,25,62,15,6,6,5
"SPY49_RS01235",400,39,26,25,109,46,6,8,8
"SPY49_RS01240",261,88,51,32,96,31,8,5,20
"SPY49_RS01245",2025,1602,2197,40,76,15,2,4,9
"SPY49_RS01250",3371,585,421,33,61,27,5,3,3
"rnmV",3189,681,444,30,66,33,3,1,3
"rsmA",4449,3159,3296,55,129,42,4,12,11
"rsgA",9557,2459,1878,173,296,119,20,22,16
"SPY49_RS01270",5213,1422,1101,70,196,55,7,11,18
"SPY49_RS01275",5008,571,411,75,166,41,12,9,11
"SPY49_RS01280",11764,1557,1267,162,328,120,17,17,22
"SPY49_RS01285",9204,3525,2475,149,245,69,17,19,28
"purR",6510,3009,3213,155,217,105,13,6,17
"SPY49_RS01295",54449,20281,17472,794,1760,684,124,118,196
"rpsL",26737,11817,5606,440,1310,388,65,74,39
"rpsG",21973,18895,10294,363,1024,301,75,65,55
"fusA",106225,64032,39147,1294,3180,1161,222,231,253
"gap",139374,252385,139388,2192,3369,1503,347,274,614
"SPY49_RS09460",23,43,38,11,95,73,8,1,11
"SPY49_RS01320",2869,1820,1725,38,143,46,10,9,4
"SPY49_RS01325",5684,2566,1886,57,192,48,17,5,14
"SPY49_RS01330",5220,2275,1372,52,141,37,16,7,4
"SPY49_RS01335",3185,1210,714,15,57,28,7,7,2
"mecA",3429,3727,2770,66,111,36,5,9,8
"SPY49_RS01345",3957,6598,5146,90,147,50,17,9,9
"sufC",5533,3324,3158,97,233,73,10,11,19
"sufD",6395,2091,1533,125,352,90,15,22,12
"SPY49_RS01360",5306,1710,1253,138,423,108,16,16,16
"SPY49_RS01365",1738,642,432,91,183,50,5,8,7
"sufB",4568,3769,3620,156,357,103,10,23,19
"SPY49_RS01375",2170,2017,1345,29,50,26,7,7,10
"pbp3_1",2576,2664,2604,34,54,21,4,3,3
"SPY49_RS01385",37311,12293,8914,566,1280,410,115,106,137
"SPY49_RS01390",14001,2565,2082,234,584,193,48,27,62
"SPY49_RS01395",7356,2022,1856,158,403,123,35,14,42
"SPY49_RS01400",11056,2972,2335,242,621,179,64,62,65
"SPY49_RS01405",10738,4344,3159,232,561,176,37,44,75
"SPY49_RS01410",16,11,10,0,0,0,0,0,0
"SPY49_RS01415",1374,4707,7813,699,7939,1517,0,553,32
"SPY49_RS01420",54,28,20,0,0,0,0,0,0
"SPY49_RS01425",73,0,0,0,38,0,0,0,0
"rrf_4",202,157,109,2,2,0,0,0,0
"SPY49_RS01435",24,24,16,0,0,0,0,0,0
"SPY49_RS01440",3,1,1,0,0,0,0,0,0
"SPY49_RS01445",19,45,39,1,0,0,0,0,0
"SPY49_RS01450",3776,4512,5674,62,72,34,4,5,6
"yqeH",8000,4652,5753,92,157,55,15,15,12
"yhbY",3046,1408,1362,39,65,32,5,6,9
"SPY49_RS01465",4215,2276,1649,51,90,34,5,6,17
"yqeK",2455,2248,1721,41,71,37,4,3,6
"rsfS",1410,1888,1371,33,54,22,4,1,7
"SPY49_RS01480",843,991,746,26,40,14,3,0,5
"SPY49_RS01485",1661,2186,2140,44,54,19,1,1,4
"SPY49_RS01490",3257,20089,14340,41,91,38,11,8,16
"SPY49_RS01495",12204,9650,7450,147,201,118,15,15,27
"SPY49_RS01500",1240,1522,1637,42,81,38,9,5,10
"SPY49_RS01505",1711,1866,1716,96,144,79,20,9,9
"SPY49_RS01510",742,1171,1330,47,103,30,4,11,8
"brnQ",1035,2545,1508,244,529,120,38,38,44
"sstT",3080,11599,13069,251,549,169,37,48,81
"SPY49_RS01525",4276,7537,7709,56,91,40,10,2,2
"SPY49_RS01530",6681,4196,2722,68,151,61,12,10,13
"rsmG",2444,2693,4222,26,44,7,4,0,9
"SPY49_RS01540",14201,25567,25121,76,153,52,6,16,11
"htpX",16883,23016,25088,99,170,62,3,12,25
"SPY49_RS01550",2789,1649,1344,16,36,15,5,3,4
"covR",15630,27895,26230,268,444,159,38,42,45
"covS",6503,5517,4082,143,298,107,16,18,16
"nrdR",2081,1655,1697,50,80,32,3,6,6
"SPY49_RS01570",4485,3095,2468,100,161,53,12,8,15
"dnaI",5315,3841,3699,108,224,67,9,7,16
"der",12258,9999,10020,224,476,180,24,25,45
"SPY49_RS01585",8137,7363,8052,140,357,108,16,19,24
"SPY49_RS01590",11758,23285,17860,205,411,158,23,32,33
"SPY49_RS01595",13520,9238,8506,275,504,196,28,29,44
"SPY49_RS01600",2419,1060,716,52,106,36,4,9,9
"mltG",12782,20475,21495,262,651,208,24,44,75
"greA",1773,4534,5382,44,77,28,4,2,7
"yidC",19418,10302,8194,211,341,137,24,19,33
"SPY49_RS01620",2773,3794,2477,26,38,11,0,6,3
"SPY49_RS01625",2556,2606,3203,35,58,18,1,4,4
"SPY49_RS01630",8091,8054,7541,115,197,75,10,16,21
"SPY49_RS01635",8216,9547,8586,113,196,69,12,22,20
"SPY49_RS01640",3125,6340,4716,25,55,35,2,7,5
"racE",4163,1706,2049,47,87,18,7,4,8
"SPY49_RS01650",4930,1406,1139,60,138,26,1,6,11
"SPY49_RS01655",2214,985,825,32,63,20,5,1,3
"SPY49_RS01660",1617,798,736,20,46,12,3,1,4
"xerD",2315,1401,1159,24,51,9,1,5,5
"SPY49_RS01670",3438,1691,1710,40,77,38,1,4,7
"SPY49_RS01675",3207,1637,1451,32,75,21,2,6,8
"SPY49_RS01680",2681,1346,745,28,58,13,2,4,3
"yidD",895,677,404,10,10,3,0,0,1
"SPY49_RS01690",2399,2631,3851,14,52,7,2,0,2
"SPY49_RS01695",1167,2238,1560,25,39,17,2,6,7
"SPY49_RS01700",2577,9191,7170,37,61,19,4,3,2
"SPY49_RS01705",3047,1859,1563,31,96,35,8,10,6
"SPY49_RS01710",1941,780,673,34,70,21,4,6,2
"SPY49_RS01715",8924,6007,4951,112,197,54,13,14,19
"pflA",8556,21654,19219,64,106,26,5,2,8
"SPY49_RS01725",16190,23737,15500,168,332,123,40,25,27
"SPY49_RS01730",1226,2153,2522,19,31,15,10,5,6
"SPY49_RS01735",180,330,271,10,24,1,0,2,2
"SPY49_RS01740",292,322,208,7,25,5,2,2,4
"SPY49_RS01745",304,387,244,4,22,6,1,0,2
"SPY49_RS01750",224,224,231,5,19,10,1,6,4
"SPY49_RS01755",5229,5658,3940,39,100,39,9,9,14
"SPY49_RS01760",7341,7857,5289,106,178,63,23,14,11
"upp",5326,5401,4111,40,75,24,5,9,10
"SPY49_RS01770",15817,18840,22718,495,900,355,53,61,101
"SPY49_RS01775",2014,4136,4023,32,50,18,6,5,9
"SPY49_RS01780",2741,1403,1260,41,105,23,6,9,10
"SPY49_RS01785",3623,2183,2072,61,149,42,7,4,15
"SPY49_RS09465",653,428,359,19,36,8,1,1,0
"yabA",1993,1510,1151,31,55,18,1,5,11
"rsmI",5859,4175,4380,92,203,68,14,11,29
"SPY49_RS01805",1643,2032,2290,19,41,19,2,2,11
"SPY49_RS01810",1067,1346,1126,9,18,6,1,2,1
"SPY49_RS01815",688,1680,1694,15,29,8,2,1,3
"SPY49_RS01820",5849,5265,4935,47,88,37,10,8,9
"lctO",5925,3435,2251,694,1259,346,96,58,128
"scpC",2147,118,81,201,376,116,16,27,13
"SPY49_RS01840",420,388,296,4,50,4,0,1,2
"metG",10014,5553,3569,164,474,166,33,31,24
"nrdF_1",226,135,45,39,148,53,11,11,10
"nrdI_1",83,15,15,8,77,34,2,1,0
"nrdE_1",641,277,107,79,527,222,29,22,29
"SPY49_RS01865",453,635,683,36,82,30,6,5,12
"SPY49_RS09470",311,1417,1140,5,1,6,0,0,1
"SPY49_RS01875",35,22,40,0,1,1,0,0,0
"SPY49_RS08990",164,222,171,15,12,3,0,0,0
"SPY49_RS01890",8,40,63,1,3,0,0,0,1
"SPY49_RS01895",10055,5525,3328,153,238,107,14,15,25
"SPY49_RS01900",41,55,84,1,0,2,0,0,0
"SPY49_RS01905",1306,5907,2562,10,7,4,5,1,2
"SPY49_RS01910",27,238,107,0,0,2,1,0,0
"SPY49_RS01915",63,232,215,0,3,0,0,0,2
"SPY49_RS01920",144,529,576,1,7,2,0,0,0
"SPY49_RS01925",80,213,241,0,1,1,0,0,0
"SPY49_RS01930",74,140,204,3,0,0,0,0,1
"SPY49_RS01935",15,12,20,3,1,0,0,0,0
"SPY49_RS01940",8,12,22,0,2,0,0,0,1
"SPY49_RS01945",28,32,29,0,2,0,0,0,0
"SPY49_RS09105",28,61,29,1,2,0,1,0,0
"SPY49_RS01950",29,40,58,2,4,1,0,0,0
"SPY49_RS09110",22,35,28,0,0,1,0,0,0
"SPY49_RS01960",121,54,59,4,4,0,1,1,1
"SPY49_RS01965",44,11,13,1,0,0,2,0,0
"SPY49_RS09560",6,1,1,0,1,0,0,0,0
"SPY49_RS01970",4,0,1,4,0,0,0,0,0
"SPY49_RS01975",8,2,9,0,1,1,0,0,0
"SPY49_RS01985",4,1,2,0,0,0,0,0,0
"SPY49_RS01990",16,7,14,2,2,1,0,0,0
"SPY49_RS01995",15,12,11,0,1,0,0,0,2
"SPY49_RS09475",874,743,620,37,29,3,7,1,8
"SPY49_RS02005",4302,2562,2341,131,199,77,8,11,14
"SPY49_RS02010",2676,1871,1525,39,97,28,3,5,6
"SPY49_RS02015",5704,3119,2817,85,167,49,5,12,9
"SPY49_RS02020",12871,10377,8033,189,390,125,18,33,32
"SPY49_RS02025",1278,1205,738,70,147,35,3,4,7
"glmU",12576,8150,7223,132,250,85,17,14,22
"SPY49_RS02035",4628,1913,1569,63,110,31,5,9,8
"macP",2018,930,743,26,49,19,7,7,2
"SPY49_RS02045",8412,6743,5421,99,251,71,16,17,27
"SPY49_RS02050",6239,5746,5316,66,145,45,16,6,15
"SPY49_RS02055",10227,7936,5634,137,212,136,23,12,30
"SPY49_RS02060",27024,78836,91623,238,591,226,65,49,110
"SPY49_RS02065",4572,5559,2904,49,124,46,6,7,13
"SPY49_RS02070",6344,15241,8754,47,188,40,10,13,42
"SPY49_RS02075",5090,5322,4742,41,57,38,12,15,19
"SPY49_RS02080",9280,8064,6561,77,146,54,10,8,15
"SPY49_RS02085",1419,6954,3320,23,37,10,4,0,3
"rplK",21953,38729,36543,324,585,260,50,57,81
"rplA",25927,69194,59238,496,958,297,49,71,136
"SPY49_RS02100",6753,3064,3136,64,138,51,6,16,10
"frr",8829,10273,7212,47,159,64,15,10,24
"SPY49_RS02110",4669,2972,2344,33,80,25,9,1,4
"msrA",1659,716,750,30,145,47,5,5,3
"SPY49_RS02120",482,291,303,9,46,12,1,0,3
"SPY49_RS02125",17526,5871,4918,338,703,260,58,38,48
"SPY49_RS02130",30277,17844,16493,511,815,504,71,74,181
"SPY49_RS02135",3939,2775,2032,18,72,22,4,2,4
"SPY49_RS02140",2248,841,516,17,27,18,4,3,16
"ybeY",2811,3961,3524,20,53,18,2,5,4
"SPY49_RS02150",1646,2531,2465,13,32,15,11,1,3
"era",5638,5910,5356,94,120,63,14,14,7
"SPY49_RS02160",2995,3892,3070,39,67,18,3,5,12
"SPY49_RS02165",110,346,251,4,14,3,0,1,2
"SPY49_RS02170",47,131,100,4,7,0,0,0,0
"SPY49_RS09120",179,344,359,0,5,4,0,0,0
"SPY49_RS02185",140,146,87,4,10,2,1,0,0
"SPY49_RS02190",14,7,8,0,1,2,0,0,0
"SPY49_RS02205",46,216,71,2,2,0,0,0,0
"SPY49_RS02210",96,77,58,11,16,8,1,2,1
"SPY49_RS02215",42,48,35,2,3,6,1,0,1
"stcA",23,28,35,25,211,93,25,9,33
"shp2",0,5,4,0,16,5,2,1,2
"rgg2",673,978,877,17,41,6,2,0,1
"mutM",634,292,229,11,23,5,0,1,4
"SPY49_RS02240",691,298,211,15,34,11,1,1,4
"SPY49_RS02245",8790,3906,3105,272,482,165,31,24,24
"SPY49_RS02250",6290,4032,3419,170,311,95,18,19,29
"rpmG_1",460,336,256,15,29,5,1,1,3
"secG",1991,6686,4392,38,80,21,4,5,18
"rnr",5935,3836,2954,230,350,137,30,28,25
"smpB",773,513,459,32,54,18,0,3,3
"SPY49_RS02270",1800,1995,1706,55,97,42,7,14,5
"pcp",4859,3867,3313,76,140,79,13,12,10
"SPY49_RS02280",6076,3044,1891,73,182,103,19,13,16
"SPY49_RS02285",5400,3385,2473,58,121,64,17,14,26
"SPY49_RS02290",1443,1739,1316,20,59,6,2,4,6
"SPY49_RS02295",6514,2652,1910,45,82,38,11,3,7
"SPY49_RS02300",9819,1524,912,84,160,62,9,15,19
"SPY49_RS02305",16472,2886,1922,111,287,123,30,15,22
"ccpA",11043,16849,10056,192,373,133,21,21,45
"SPY49_RS02315",11688,5496,3308,176,329,117,24,23,34
"SPY49_RS02320",10495,5280,4366,203,373,137,29,16,41
"thrS",7199,5765,5683,122,395,268,41,23,59
"SPY49_RS02330",180,179,93,14,34,1,0,2,2
"SPY49_RS02335",126,111,75,6,9,3,0,0,2
"SPY49_RS02340",201,163,207,9,25,3,0,0,0
"SPY49_RS02345",3,3,1,0,0,0,0,0,0
"SPY49_RS02350",173,56,46,2,11,8,0,0,2
"SPY49_RS02355",305,105,91,2,13,5,0,0,0
"SPY49_RS02360",1138,2578,2786,10,52,12,0,1,3
"SPY49_RS02365",4122,2499,1655,27,107,35,7,7,12
"vicK",9951,7180,6400,120,245,84,15,17,36
"SPY49_RS02375",3752,5865,6440,57,135,43,13,8,10
"SPY49_RS02380",750,1832,1435,3,10,3,0,2,0
"smc",7728,10543,7460,40,112,39,6,10,12
"rgg3",340,1356,1173,3,10,4,2,0,0
"shp3",0,1,2,0,14,1,0,1,3
"SPY49_RS02395",26,71,42,48,266,97,50,18,84
"SPY49_RS02400",17,62,46,53,225,99,33,12,68
"SPY49_RS02405",39,78,92,72,432,187,38,21,58
"SPY49_RS02410",131,176,184,160,985,444,105,47,127
"SPY49_RS02415",222,270,312,227,1175,651,163,50,221
"SPY49_RS02420",167,177,155,127,747,423,108,36,121
"SPY49_RS02425",158,200,204,121,667,315,83,29,118
"SPY49_RS02435",307,255,230,194,936,492,120,53,170
"SPY49_RS02440",292,595,531,176,1020,546,126,49,185
"SPY49_RS02445",4,6,8,2,5,1,0,0,0
"SPY49_RS02450",49,60,64,19,36,7,2,1,4
"SPY49_RS02455",1,1,4,0,3,1,0,0,1
"SPY49_RS02460",28,19,15,13,36,6,3,4,0
"SPY49_RS09495",0,0,0,0,0,0,0,0,0
"SPY49_RS02465",813,874,1321,12,10,7,0,0,3
"SPY49_RS02470",1036,1779,2094,6,25,4,3,1,0
"SPY49_RS09500",1031,1551,2116,20,17,5,0,3,1
"SPY49_RS02475",8,4,0,0,0,0,0,1,1
"SPY49_RS02480",9,3,2,0,1,0,0,0,0
"SPY49_RS02485",852,1509,1377,7,7,2,0,1,2
"SPY49_RS02490",1429,1708,1816,10,8,14,1,0,3
"SPY49_RS02495",3934,4831,4089,36,45,22,0,6,1
"SPY49_RS02500",3348,3366,3665,18,48,15,1,4,5
"SPY49_RS02505",1852,3569,2715,12,21,5,3,1,4
"SPY49_RS09135",273,280,176,3,4,0,0,0,0
"SPY49_RS02520",3653,1215,1127,35,87,49,10,5,12
"SPY49_RS02525",4529,740,587,43,129,50,12,12,7
"ftsY",12229,4414,3420,137,353,187,27,31,39
"SPY49_RS02535",3454,5147,3148,50,132,19,7,9,3
"SPY49_RS02540",2064,1023,1334,6,18,3,3,0,2
"SPY49_RS02545",3683,502,765,7,21,6,2,2,2
"SPY49_RS02550",3783,1131,1345,9,23,15,0,3,5
"SPY49_RS02555",4372,1446,1028,23,104,40,11,4,8
"SPY49_RS02560",3918,996,765,31,78,23,7,12,1
"SPY49_RS09565",506,580,499,4,10,5,1,1,2
"SPY49_RS02570",4191,2903,2744,60,199,77,18,14,16
"SPY49_RS02575",2088,5602,4954,24,48,26,8,2,7
"SPY49_RS02580",10310,21257,26193,65,100,70,16,8,20
"SPY49_RS02585",9382,10948,8977,117,236,85,15,15,28
"SPY49_RS02590",7007,4820,4033,93,178,66,10,3,18
"SPY49_RS02595",3057,3638,3879,52,73,30,2,7,7
"SPY49_RS02600",7282,10787,11888,83,187,59,18,11,10
"SPY49_RS09145",2340,9032,6163,28,79,17,3,5,15
"SPY49_RS02610",2697,1008,935,29,80,42,3,12,8
"SPY49_RS02615",4180,1817,1295,74,161,68,11,13,11
"SPY49_RS02620",1124,2054,1484,31,44,16,10,7,8
"SPY49_RS09570",212,245,157,3,12,0,0,0,0
"lysS",15618,12317,8124,268,595,207,41,45,55
"SPY49_RS02635",2259,4163,3804,12,31,8,0,0,8
"SPY49_RS02640",993,1764,1728,26,32,18,1,0,7
"SPY49_RS02645",1767,2024,1695,49,77,24,3,3,3
"thiT",1909,2519,2997,80,122,40,6,6,18
"SPY49_RS02655",2997,1784,1712,88,135,42,5,13,9
"SPY49_RS02660",1328,1580,2198,8,32,9,0,0,5
"SPY49_RS02665",960,908,1068,7,18,10,1,1,0
"SPY49_RS02670",3014,1534,1450,37,49,9,2,3,5
"pepF_1",10089,4087,3245,59,124,72,18,8,8
"ppc",10296,4352,2855,167,438,116,32,27,34
"SPY49_RS02685",4509,6647,5153,51,98,24,8,4,9
"tuf",273308,267091,194593,3902,6870,3189,649,513,1018
"SPY49_RS02695",20709,52515,76212,426,591,314,75,56,127
"SPY49_RS02700",6359,5736,6250,86,200,81,11,13,11
"SPY49_RS02705",7412,1892,1462,79,192,85,21,14,17
"yidA",5136,2664,2808,57,114,50,4,11,16
"SPY49_RS02720",5600,3223,1932,53,88,34,8,8,8
"SPY49_RS02725",842,2176,1772,17,28,9,1,0,5
"SPY49_RS02730",21481,27320,23141,555,1144,374,66,81,140
"SPY49_RS02735",2002,4501,5252,28,30,14,3,7,6
"SPY49_RS02740",36,7,5,2,4,1,0,0,1
"SPY49_RS02745",120,17,9,1,7,0,1,0,0
"SPY49_RS02750",99,17,12,0,1,1,0,2,0
"SPY49_RS02755",88,10,11,0,1,0,0,0,0
"SPY49_RS02760",128,37,32,0,6,0,1,0,0
"SPY49_RS02765",17,11,15,0,0,0,0,0,0
"SPY49_RS02770",154,55,48,3,4,3,0,0,1
"SPY49_RS02775",160,50,33,1,5,7,0,3,0
"SPY49_RS02780",362,115,89,5,11,5,2,2,3
"SPY49_RS02785",246,184,233,3,7,6,1,1,2
"SPY49_RS02790",897,1210,1227,14,8,10,0,7,2
"queG",4300,4927,4874,93,178,52,4,3,11
"prfB",9857,4902,3672,203,317,140,15,30,36
"ftsE",4424,1578,1276,79,162,72,8,12,9
"SPY49_RS02810",8276,7313,7161,125,203,91,14,15,35
"SPY49_RS02815",3013,5339,3207,39,73,21,5,6,10
"SPY49_RS02820",8707,21240,16023,159,213,105,26,12,59
"SPY49_RS02825",3890,2587,2140,51,112,46,2,8,17
"SPY49_RS02830",7052,2821,1943,87,212,64,23,8,13
"asnS",6525,5303,3787,85,195,53,20,9,35
"rapZ",8109,2953,3087,68,199,81,13,4,12
"SPY49_RS02845",8837,1838,1323,115,246,94,16,13,8
"whiA",9545,2542,1895,109,259,96,6,14,24
"SPY49_RS02855",2673,1191,779,32,94,36,8,4,8
"SPY49_RS02860",2230,2527,3299,196,943,503,63,37,168
"SPY49_RS02865",1481,3331,2695,29,60,12,3,1,3
"SPY49_RS02870",3660,2383,1738,65,130,45,7,9,9
"SPY49_RS02875",16744,67319,46759,206,331,100,26,32,47
"SPY49_RS02880",7178,7570,7066,124,218,81,16,17,18
"SPY49_RS02885",3399,12720,9384,44,102,21,1,6,17
"SPY49_RS02890",513,339,253,5,14,2,1,1,0
"SPY49_RS02895",1715,805,764,21,63,20,3,0,9
"rplS",10592,54896,63481,198,399,170,46,34,103
"SPY49_RS02905",15,5,8,0,0,0,0,0,0
"SPY49_RS02910",3826,2096,2465,36,48,22,2,2,11
"gyrB",19934,8979,7652,218,415,163,26,29,43
"ezrA",20409,31884,38012,376,595,233,42,37,83
"SPY49_RS02925",1302,1314,1694,3,16,0,2,2,2
"eno",121540,181387,142330,1344,2198,1100,230,162,347
"SPY49_RS02935",982,666,900,78,118,38,3,6,8
"SPY49_RS02940",1791,898,694,146,244,67,11,13,29
"SPY49_RS02945",63,56,51,3,7,0,0,0,0
"sagA",2158,12885,6510,116,125,132,42,32,116
"sagB",1413,1280,1207,80,163,47,3,8,35
"SPY49_RS02960",1651,952,752,70,143,58,5,10,27
"SPY49_RS02965",2170,1354,1481,98,214,76,19,11,26
"SPY49_RS02970",439,394,378,11,51,19,4,3,4
"SPY49_RS02975",544,645,576,24,50,16,2,2,7
"SPY49_RS02980",1127,1061,1147,48,152,24,8,7,11
"SPY49_RS02985",1156,1613,1758,38,133,36,4,6,24
"SPY49_RS02990",1310,3429,3436,51,141,45,12,11,20
"SPY49_RS02995",6558,8815,10262,168,256,86,11,17,31
"SPY49_RS03000",4546,37464,24923,118,150,59,14,14,19
"ligA",5836,2871,2328,72,124,44,9,8,14
"SPY49_RS03010",2707,2422,2307,36,68,19,3,2,9
"SPY49_RS03015",3665,5738,4937,27,39,17,4,0,6
"atpB",15283,15603,8956,136,221,76,26,9,20
"atpF",14862,12267,6854,132,249,92,28,20,20
"SPY49_RS03030",8595,9631,5605,64,111,42,14,13,22
"SPY49_RS03035",32743,14736,8731,269,561,244,40,50,61
"SPY49_RS03040",20460,9790,6736,162,356,127,23,25,27
"atpD",38748,15972,9503,347,701,231,65,57,46
"SPY49_RS03050",12124,7370,4604,96,227,73,10,22,14
"SPY49_RS03055",2196,1829,1329,40,31,14,4,3,9
"murA",12967,9722,7401,202,398,101,19,16,43
"SPY49_RS03065",789,687,493,6,17,9,6,2,1
"SPY49_RS03070",1754,555,428,29,71,12,5,6,5
"pheS",2057,874,638,20,55,27,3,1,2
"SPY49_RS03080",5902,3160,2135,89,199,84,20,10,24
"SPY49_RS03085",333,201,180,7,10,1,2,0,1
"SPY49_RS03090",214,153,134,1,5,3,2,0,1
"SPY49_RS03095",4900,3213,3157,69,98,35,5,6,16
"SPY49_RS03100",3217,2707,2417,62,95,37,3,8,9
"SPY49_RS03105",5018,2700,2085,35,84,41,7,3,8
"rexB",8311,5045,3763,139,263,81,12,16,20
"addA",11785,4634,3633,141,327,77,19,18,23
"SPY49_RS03120",1997,1854,1553,43,82,20,2,2,12
"SPY49_RS03125",11383,91484,59083,107,191,95,13,14,35
"mscL",11597,26702,27983,220,238,167,22,25,41
"dnaG",16489,9258,7538,232,466,136,28,25,42
"rpoD",10566,8152,6971,153,327,90,16,20,38
"SPY49_RS03145",3023,3573,3241,42,71,26,5,6,25
"rfbD",3948,10356,12191,59,130,47,5,10,13
"SPY49_RS03155",6927,5413,5071,90,134,53,7,9,11
"SPY49_RS03160",6177,3806,3283,75,153,42,9,5,10
"SPY49_RS03165",2850,2201,1502,48,59,40,3,6,9
"SPY49_RS03170",6719,7548,6857,90,176,47,6,4,19
"SPY49_RS03175",5688,6509,6717,104,124,33,7,4,2
"SPY49_RS03180",10685,10865,11512,141,205,93,10,11,23
"SPY49_RS03185",17325,15767,14711,134,268,76,15,15,43
"SPY49_RS03190",4437,2669,2380,29,54,31,9,3,3
"SPY49_RS03195",517,439,266,4,10,0,1,0,1
"SPY49_RS03200",5658,6962,6218,62,87,23,7,3,10
"SPY49_RS03205",4832,8869,8302,46,79,16,3,6,16
"pepT",18657,11767,9729,316,479,186,22,33,60
"SPY49_RS03215",9132,4876,5065,104,167,70,6,16,33
"SPY49_RS09160",299,543,442,9,11,5,3,0,0
"SPY49_RS03220",10986,5392,5799,123,201,85,10,11,23
"SPY49_RS03225",10845,2729,1912,121,220,83,8,19,16
"infC",7034,10731,5732,156,306,105,15,13,37
"rpmI",6666,12334,7249,131,204,69,22,14,32
"rplT",8095,25987,17022,133,259,100,17,18,37
"SPY49_RS03245",25909,29749,26963,251,464,203,45,32,36
"SPY49_RS03250",8293,7631,7085,134,250,75,9,17,29
"SPY49_RS03255",5671,1809,1365,90,163,76,5,3,9
"aroC",8549,2056,1509,104,257,108,23,11,24
"SPY49_RS03265",4229,15140,11165,57,91,41,9,7,10
"gorA",1588,1005,912,61,102,42,3,7,11
"SPY49_RS03275",3909,2708,1456,53,146,44,4,6,8
"SPY49_RS03280",2787,2122,1101,26,82,33,5,4,5
"SPY49_RS03285",4413,2158,1700,45,98,26,7,1,8
"thiI",4666,2324,1339,52,118,37,13,8,16
"SPY49_RS03295",3097,2055,1323,93,135,63,13,11,7
"rplU",8971,22301,20528,152,344,87,23,19,63
"SPY49_RS03305",8625,22543,16671,152,334,117,37,25,35
"rpmA",3686,10888,8778,92,170,77,17,10,29
"SPY49_RS03315",4083,3070,2671,32,71,20,7,5,1
"SPY49_RS03320",1658,673,424,13,34,15,1,7,4
"SPY49_RS03325",4176,3362,2863,38,80,26,10,3,7
"pyrR",554,1251,605,37,109,39,19,9,10
"SPY49_RS03335",842,956,463,68,212,50,16,8,13
"SPY49_RS03340",983,836,393,84,224,55,23,10,28
"carA",1065,763,395,124,265,47,14,18,25
"carB",2642,3861,1777,256,685,143,47,47,67
"SPY49_RS03355",5394,7250,7723,82,168,60,12,4,15
"SPY49_RS03360",2988,2111,2222,38,78,29,5,5,10
"SPY49_RS03365",6751,11550,11137,75,229,43,9,18,29
"SPY49_RS03370",4577,13963,12433,62,149,32,12,7,17
"rpsP",6043,74586,44097,99,162,75,17,21,38
"SPY49_RS03380",2826,39385,21743,58,95,44,6,3,15
"SPY49_RS03385",1327,4713,4709,88,200,73,11,8,12
"SPY49_RS03390",197,1264,1046,22,19,12,3,1,6
"SPY49_RS03395",525,3266,2678,5,1,0,0,0,2
"SPY49_RS03400",303,542,428,4,7,0,0,0,1
"rimM",2067,2259,2455,22,26,16,4,4,4
"trmD",2046,2119,2098,26,39,15,4,3,3
"SPY49_RS03415",1936,1310,835,27,40,14,3,6,1
"SPY49_RS03420",5044,3512,2140,75,135,45,10,7,9
"SPY49_RS03425",8343,9367,8128,88,178,68,17,10,19
"SPY49_RS03430",2002,1205,726,29,47,25,8,5,2
"pfkB",4538,338,238,22,81,22,1,2,11
"SPY49_RS03440",15469,774,562,78,183,86,36,19,6
"SPY49_RS03445",737,985,1192,4,18,7,1,2,5
"SPY49_RS03450",25063,38363,49288,521,748,342,58,41,86
"SPY49_RS03455",7,14,14,0,0,0,0,0,0
"SPY49_RS09175",6,4,8,0,2,1,0,0,0
"ideS",9,13,14,2,0,0,0,0,0
"SPY49_RS03470",23,22,30,3,4,1,2,0,0
"SPY49_RS03475",3691,10785,7733,84,131,53,3,4,12
"SPY49_RS03480",6987,19279,14357,122,189,86,16,12,31
"SPY49_RS03485",3181,1702,1888,90,149,56,8,7,13
"SPY49_RS03490",5700,3537,2773,160,293,105,16,14,18
"SPY49_RS03495",1321,5031,4413,56,114,34,7,11,15
"SPY49_RS03500",6432,3695,3601,66,149,57,39,13,22
"SPY49_RS03505",3463,6788,4785,73,162,57,3,4,19
"SPY49_RS03510",3659,3861,3573,95,151,50,3,11,6
"SPY49_RS03515",8063,8236,7383,178,330,97,20,13,29
"mvk",3488,1922,1542,51,95,33,3,7,6
"mvaD",3823,1405,1206,58,121,46,14,9,11
"SPY49_RS03530",3943,1725,1237,78,149,45,18,8,13
"SPY49_RS03535",3787,2567,1671,59,154,37,9,9,7
"SPY49_RS03540",7667,6251,5531,41,111,45,3,10,13
"SPY49_RS03545",6515,4581,5439,40,67,22,10,3,7
"SPY49_RS03550",3157,3000,3172,18,24,15,1,3,9
"SPY49_RS03555",4465,3564,3346,51,102,31,5,5,7
"SPY49_RS09185",1290,928,627,10,25,10,2,0,1
"clpX",9229,5943,4335,120,206,92,14,15,17
"SPY49_RS03565",7622,5758,5640,107,141,49,10,19,13
"SPY49_RS03570",3274,9738,7433,51,122,34,1,5,8
"SPY49_RS03575",10321,4205,4710,1875,3883,800,128,216,270
"rpiA",9040,2216,1268,169,322,120,28,25,37
"SPY49_RS03585",24089,3667,2292,386,751,258,54,64,61
"arsC",8845,1114,793,138,305,106,19,23,22
"SPY49_RS03595",12876,1568,969,188,364,146,38,14,23
"deoD",8636,2951,2801,163,285,94,12,25,29
"SPY49_RS03605",3668,1590,1288,53,146,43,6,10,12
"SPY49_RS03610",2405,2572,1965,21,47,24,1,2,5
"SPY49_RS03615",4132,22282,16231,67,147,40,7,6,28
"pyrF",70,211,162,13,36,9,2,5,2
"SPY49_RS03625",98,153,94,16,40,5,4,2,5
"SPY49_RS03630",1234,1145,851,42,130,39,13,7,5
"SPY49_RS03635",6742,6119,7062,76,115,32,11,16,10
"SPY49_RS03640",3322,3402,4139,46,87,27,5,4,8
"SPY49_RS03645",3838,2139,2117,33,77,31,3,2,12
"SPY49_RS03650",5439,2154,1407,55,134,62,8,3,18
"plsY",2142,6539,4956,27,37,15,2,3,6
"parE",10069,4238,2968,130,313,129,15,19,16
"parC",10891,8340,5698,149,387,121,29,29,28
"SPY49_RS03670",8641,6521,4977,113,273,96,22,18,25
"SPY49_RS03675",1762,7843,6288,24,33,10,6,3,6
"SPY49_RS03680",393,306,313,0,1,0,0,0,0
"SPY49_RS03685",74,27,27,0,0,0,0,0,0
"rpsA",55360,49387,29469,407,727,327,74,48,87
"SPY49_RS03695",4,3,4,0,0,0,0,0,0
"SPY49_RS03700",4142,25223,20863,93,164,60,9,5,14
"SPY49_RS03705",9958,26404,29174,323,421,245,43,35,72
"SPY49_RS09190",61,92,95,14,9,6,0,1,1
"SPY49_RS03710",106,130,129,16,33,11,2,2,2
"SPY49_RS03715",944,1883,1637,58,118,46,10,10,9
"SPY49_RS09195",4297,11661,10632,52,101,65,12,6,21
"miaA",911,889,1035,14,44,6,3,0,2
"hflX",5482,3432,2969,107,249,94,15,13,28
"SPY49_RS03730",2510,1046,884,65,109,27,5,14,5
"SPY49_RS03735",3240,882,657,65,151,46,4,7,9
"SPY49_RS03740",2933,1776,1747,68,151,36,8,11,4
"recJ",4895,1952,1351,98,292,75,7,19,15
"SPY49_RS03750",8169,6341,4481,69,120,54,10,7,11
"SPY49_RS03755",7716,5770,3459,73,123,51,8,6,11
"nth",5195,5669,4389,55,143,50,5,7,7
"SPY49_RS03765",1465,626,390,25,42,18,1,1,6
"SPY49_RS03770",2436,930,620,41,91,31,8,9,2
"SPY49_RS03775",2292,580,427,38,73,50,9,0,1
"rfbA",18807,7992,6181,156,270,144,21,26,30
"SPY49_RS03785",8773,3809,2858,77,115,56,19,7,20
"rfbB",23363,10772,7768,188,327,155,26,16,39
"SPY49_RS03795",517,290,478,105,246,39,11,9,16
"SPY49_RS03800",293,1167,1628,22,27,4,1,0,4
"SPY49_RS03805",315,968,1521,21,35,6,3,3,10
"SPY49_RS03810",469,1257,2675,27,52,7,0,6,3
"SPY49_RS09575",9,59,32,3,10,0,0,0,3
"SPY49_RS03815",922,682,843,6,14,1,1,1,0
"SPY49_RS03820",9,11,9,4,1,1,0,1,0
"SPY49_RS03825",4,11,6,3,3,0,0,0,1
"SPY49_RS09580",2,3,3,1,0,0,0,0,0
"SPY49_RS03830",8,9,1,2,3,1,1,0,0
"SPY49_RS03835",8,11,12,1,0,0,0,0,0
"SPY49_RS03840",7,6,8,0,1,0,0,0,2
"SPY49_RS03845",23,12,2,3,6,1,0,1,2
"SPY49_RS03850",74,37,20,8,22,4,3,4,3
"SPY49_RS03855",29,20,12,3,10,2,0,1,0
"SPY49_RS03860",49,9,7,4,28,2,0,0,2
"SPY49_RS03865",46,21,16,9,27,4,0,2,1
"SPY49_RS03870",3,1,5,2,2,0,1,0,0
"SPY49_RS03875",21,8,9,3,10,0,0,0,0
"SPY49_RS09585",1,1,1,0,0,0,0,0,0
"SPY49_RS03880",1,0,0,0,0,0,0,0,0
"SPY49_RS03885",1,9,8,3,1,1,0,0,0
"SPY49_RS03890",12,11,4,0,0,0,0,0,0
"SPY49_RS03895",27,24,15,0,0,0,0,0,0
"SPY49_RS03900",40,25,11,1,2,0,0,1,0
"SPY49_RS03905",39,13,7,0,1,0,0,0,0
"SPY49_RS03910",11,8,4,2,0,0,0,0,0
"SPY49_RS03915",9,7,4,0,0,0,0,0,0
"SPY49_RS03920",55,68,43,0,1,0,0,0,0
"SPY49_RS03925",63,24,22,1,2,0,0,0,0
"SPY49_RS03930",23,9,4,1,1,0,0,0,0
"SPY49_RS03935",23,20,5,0,2,0,0,0,0
"SPY49_RS03940",25,5,9,0,1,0,0,0,0
"SPY49_RS03945",14,3,1,0,0,0,0,0,0
"SPY49_RS03950",38,13,2,1,0,0,0,0,0
"SPY49_RS03955",23,3,2,0,0,0,0,0,0
"SPY49_RS03960",13,2,4,0,1,0,0,0,1
"SPY49_RS03965",235,109,56,3,7,0,0,0,0
"SPY49_RS03970",31,19,5,0,0,0,0,0,0
"SPY49_RS03975",35,16,9,0,2,0,0,0,1
"SPY49_RS09590",43,10,9,1,0,1,0,0,0
"SPY49_RS09595",2,3,0,0,0,0,0,0,0
"SPY49_RS03985",17,9,3,0,0,0,0,0,0
"SPY49_RS03990",15,11,4,0,1,0,0,0,0
"SPY49_RS04000",29,23,17,0,1,0,0,0,0
"SPY49_RS04005",10,16,23,0,0,0,0,0,0
"speh",10,17,28,0,0,0,0,0,0
"SPY49_RS04015",3473,2472,2421,31,64,16,4,3,7
"SPY49_RS04020",5544,2613,2187,58,116,42,7,5,13
"SPY49_RS04025",7114,5761,4742,73,209,82,22,18,14
"fbp54",6721,3995,3626,78,160,45,14,6,17
"SPY49_RS04035",6307,1711,1546,34,59,32,9,0,2
"SPY49_RS04040",3183,1695,1788,31,41,20,2,7,2
"SPY49_RS04045",4149,3014,4263,24,51,23,1,0,3
"SPY49_RS04050",25500,12879,10676,331,537,274,25,56,53
"SPY49_RS04055",6433,6010,5879,84,133,54,9,14,17
"SPY49_RS04060",1843,2954,2806,18,41,9,1,4,3
"SPY49_RS04065",4547,2571,2211,46,127,47,11,7,13
"SPY49_RS04070",34159,17548,10315,741,1423,570,88,107,123
"SPY49_RS04075",25920,9280,8106,898,1570,568,85,96,150
"SPY49_RS04080",30215,7066,6391,1184,2228,783,156,129,182
"lpdA",33232,14977,13915,1763,3102,1360,211,246,267
"hylA",3227,2406,2528,40,128,26,7,7,10
"SPY49_RS04100",2673,8775,7925,23,52,38,11,3,21
"SPY49_RS04105",4668,6161,6772,60,96,52,9,9,21
"SPY49_RS04110",8900,6715,5721,76,178,60,10,9,23
"SPY49_RS04115",3144,1276,1052,19,35,11,3,0,1
"SPY49_RS04120",4633,1770,1358,19,46,15,4,3,5
"SPY49_RS04125",14442,17318,10990,103,217,86,22,19,29
"SPY49_RS04130",786,233,175,5,8,4,0,0,0
"SPY49_RS04135",4601,1981,1358,21,41,23,9,3,3
"SPY49_RS04140",3337,1232,877,21,47,17,2,2,6
"SPY49_RS04145",3792,1887,1182,25,37,17,5,3,7
"SPY49_RS04150",2479,2847,2392,22,31,7,1,2,2
"cas9",1698,1031,908,21,41,17,2,3,3
"cas1",297,377,356,1,5,0,0,6,2
"cas2_1",225,359,322,4,8,3,1,0,2
"csn2",236,671,528,4,6,1,0,0,0
"SPY49_RS09505",1216,3803,3359,58,93,30,4,4,13
"lepA",13497,5208,4131,168,287,127,23,29,44
"SPY49_RS04190",9683,1273,1024,225,382,228,129,92,139
"msrB_1",196,290,298,2,6,1,0,0,0
"SPY49_RS04200",2732,4492,6549,28,54,23,5,2,3
"SPY49_RS04205",7148,8180,4523,41,200,69,11,6,41
"SPY49_RS04210",7802,6785,4260,67,279,104,22,10,42
"SPY49_RS04215",10351,7086,4593,107,378,143,26,13,35
"SPY49_RS04220",13169,9374,5200,81,380,128,25,13,42
"SPY49_RS04225",1932,1930,1467,31,52,11,4,1,2
"SPY49_RS04230",840,281,238,8,20,4,3,2,0
"SPY49_RS04235",1087,273,202,6,36,7,3,3,4
"SPY49_RS04240",2787,839,618,72,169,92,8,7,13
"uvrC",5447,1749,1421,103,219,115,16,10,17
"SPY49_RS04250",5386,3782,3302,71,154,88,8,11,13
"pepV",13871,5653,4488,157,368,173,40,35,27
"mnmE",4640,8335,7302,33,79,28,3,6,5
"SPY49_RS04270",20534,67298,45218,272,435,234,37,31,80
"rplL",13179,39396,25209,175,282,139,17,16,84
"pbp3_2",1703,1919,1658,23,69,24,2,3,5
"SPY49_RS04285",5579,18615,21040,52,76,45,13,2,7
"SPY49_RS04290",51922,115057,104976,381,644,296,37,48,80
"folE",8359,1851,1664,99,146,75,10,11,13
"folP",9562,2143,1725,93,216,73,12,15,15
"folB",3861,724,516,34,77,47,2,11,5
"folK",9009,2576,2099,65,153,78,5,10,4
"murB",3470,2085,1653,72,164,41,8,5,11
"SPY49_RS04320",4682,1791,1265,101,222,71,14,12,19
"SPY49_RS04325",2080,1111,763,44,121,48,9,6,5
"SPY49_RS04330",1759,1060,662,38,96,32,5,5,8
"SPY49_RS04335",3406,2858,2166,81,182,65,9,14,25
"SPY49_RS04340",424,225,172,5,20,4,0,0,2
"SPY49_RS04345",811,617,492,18,22,15,7,1,3
"SPY49_RS04350",138,43,28,3,15,14,0,1,3
"SPY49_RS04355",93,42,31,3,15,19,4,2,2
"SPY49_RS04360",172,627,784,7,10,4,1,0,3
"aphA",1313,3721,2504,43,52,39,12,4,8
"SPY49_RS04370",2631,2331,1796,32,59,25,2,1,5
"SPY49_RS04375",1435,2704,2503,31,43,17,0,1,2
"SPY49_RS04380",7682,13372,11575,92,134,63,10,3,11
"radC",2,12,17,0,5,2,3,1,0
"SPY49_RS04390",3200,1918,2659,45,84,29,6,1,1
"SPY49_RS04395",10434,19176,19465,164,278,88,20,10,35
"SPY49_RS04400",2790,2360,1690,35,53,14,6,2,13
"SPY49_RS04405",14609,4293,3822,163,362,136,14,20,24
"SPY49_RS04410",11038,3197,2424,142,242,84,22,19,14
"SPY49_RS04415",901,2608,1552,11,14,9,1,3,7
"SPY49_RS04420",5127,5319,5004,45,96,28,2,6,2
"SPY49_RS04425",5604,4338,4404,50,80,42,9,4,13
"SPY49_RS04430",3091,2664,2597,44,88,25,7,4,6
"pta",18727,64642,70599,452,621,205,33,41,78
"SPY49_RS04440",2669,1853,1517,94,103,36,2,10,9
"SPY49_RS04445",4744,4533,5938,42,113,31,7,8,22
"SPY49_RS04450",4434,2398,2994,154,224,101,12,16,19
"SPY49_RS04455",5856,7966,7871,240,432,171,13,40,41
"guaC",3512,1297,1001,36,98,25,16,9,22
"SPY49_RS04465",3134,2515,2227,23,103,40,22,8,8
"SPY49_RS04470",4597,6299,5442,68,193,43,34,0,22
"SPY49_RS04475",1759,1484,1155,19,17,1,0,4,2
"SPY49_RS04480",871,1315,1095,4,3,3,0,0,2
"SPY49_RS04485",2758,2331,2412,15,37,16,0,2,9
"prfA",5186,2601,2050,54,70,34,10,7,10
"prmC",3909,1873,1302,54,96,39,7,6,6
"SPY49_RS04500",2289,806,617,25,62,31,2,5,6
"SPY49_RS04505",2173,710,644,23,40,14,1,4,6
"SPY49_RS04510",6138,2100,1874,84,181,60,13,16,14
"SPY49_RS04515",7366,1814,1640,71,188,59,11,8,23
"SPY49_RS04520",4326,775,706,43,77,32,10,9,7
"SPY49_RS04525",9969,3008,2300,78,191,68,13,7,18
"SPY49_RS04530",5302,4347,3409,47,110,23,8,3,6
"SPY49_RS04535",22967,30124,18118,439,839,421,53,57,122
"SPY49_RS04540",15570,30930,15108,223,363,143,39,14,50
"gyrA",30666,9608,8272,322,562,288,47,43,54
"SPY49_RS04550",10172,9239,7337,85,141,66,7,13,16
"SPY49_RS04555",769,533,633,8,11,1,0,1,2
"SPY49_RS04560",18056,76621,58275,1539,1526,955,136,180,234
"SPY49_RS04565",20814,9616,9810,78,101,33,12,4,17
"SPY49_RS04570",10556,2124,1667,27,43,17,1,1,3
"SPY49_RS04575",5147,1302,761,15,17,4,0,3,0
"ylqF",2720,2160,2137,124,154,40,1,9,6
"SPY49_RS04585",2288,2067,1385,113,167,56,11,8,15
"dprA",60,13,35,2,6,2,0,0,1
"topA",11643,15363,14805,98,209,60,18,15,21
"SPY49_RS09510",28,20,10,2,5,1,0,0,0
"SPY49_RS04605",8,7,9,0,1,0,0,0,0
"SPY49_RS04610",16,22,16,0,0,0,1,0,1
"SPY49_RS04615",629,663,657,21,93,20,1,4,6
"SPY49_RS04620",734,608,779,35,103,13,1,6,4
"trmFO",5015,3243,2722,58,123,52,13,4,15
"SPY49_RS04630",542,271,203,3,14,4,3,0,0
"SPY49_RS04635",133,52,44,0,1,2,0,0,0
"SPY49_RS04640",97,99,84,2,2,3,0,0,0
"SPY49_RS04645",562,489,498,3,10,6,0,5,0
"citG",862,429,416,15,20,5,0,2,3
"SPY49_RS04655",922,645,552,18,20,4,0,3,5
"SPY49_RS04660",43,30,33,0,1,0,0,0,0
"SPY49_RS04665",25,32,30,0,0,0,0,0,0
"SPY49_RS04670",67,25,31,1,0,0,0,0,1
"SPY49_RS04675",198,46,31,2,6,0,2,0,0
"citD",80,7,11,0,4,0,0,0,0
"citE",203,37,34,4,5,5,0,0,0
"citF",355,48,55,0,8,2,0,0,1
"citX",135,22,17,1,4,0,0,0,0
"SPY49_RS04705",372,89,103,5,4,6,0,3,1
"citC",9829,8981,7875,115,286,79,5,16,30
"SPY49_RS04715",5239,5941,5382,68,138,46,2,7,18
"xerS",1597,1405,1885,80,167,33,1,10,16
"SPY49_RS04725",346,1208,1888,23,46,6,2,2,9
"ffh",13966,9830,10338,196,384,139,38,25,43
"SPY49_RS04735",2544,1474,1551,24,36,20,2,8,1
"SPY49_RS04740",7249,4638,3795,79,210,82,16,19,21
"SPY49_RS04745",1322,2617,2453,11,41,11,2,1,6
"guaA",19522,12560,10321,162,304,101,31,25,46
"SPY49_RS04755",117,327,420,6,13,1,1,0,5
"SPY49_RS04760",1597,4167,3480,42,68,22,5,0,13
"SPY49_RS04765",180,350,302,0,1,0,0,1,1
"SPY49_RS04770",641,607,802,11,15,8,0,3,1
"SPY49_RS04775",358,742,1025,5,7,3,0,0,1
"SPY49_RS04780",8540,20858,15427,102,203,66,15,18,19
"cls",20532,11549,10271,541,1022,351,70,63,84
"SPY49_RS04790",21676,7027,7569,630,1282,439,125,95,92
"SPY49_RS04795",7497,1721,1717,348,665,203,35,35,28
"SPY49_RS04800",6555,1004,913,238,585,147,27,38,28
"SPY49_RS04805",6449,1783,1564,231,466,150,33,27,25
"SPY49_RS04810",4029,1771,1639,104,242,82,12,18,23
"SPY49_RS04815",10672,2589,2190,333,790,225,49,29,37
"SPY49_RS04820",8418,2228,1533,289,633,178,37,29,31
"SPY49_RS04825",4864,2391,1706,173,376,120,5,14,21
"coaB",3399,2167,2950,42,66,20,3,1,11
"coaC",3031,1684,1955,44,86,30,1,10,11
"SPY49_RS04840",2714,3232,2292,26,68,35,4,3,8
"SPY49_RS04845",14317,17077,12853,171,290,102,36,23,41
"SPY49_RS04850",5373,9876,11990,138,233,69,12,16,39
"SPY49_RS04855",4970,5644,5016,122,237,103,17,8,39
"SPY49_RS04860",9238,8701,6527,210,295,108,16,8,37
"SPY49_RS04865",18279,21105,20918,633,947,330,64,62,100
"SPY49_RS04870",7677,4383,4414,364,541,180,48,46,48
"SPY49_RS04875",6158,13267,10160,218,341,104,11,18,27
"SPY49_RS04880",916,2075,2663,20,24,8,1,2,1
"SPY49_RS04885",7518,29448,22220,59,123,39,11,6,15
"SPY49_RS04890",1901,3364,3749,24,44,9,5,5,4
"SPY49_RS04895",1114,2356,2250,34,24,15,2,2,5
"SPY49_RS04900",36528,47691,55402,422,761,282,57,46,93
"phoU",6573,5028,4592,63,209,76,9,8,16
"pstB_1",6825,2627,2532,109,219,65,18,15,18
"pstB_2",8111,2546,2444,112,244,96,15,12,12
"pstA",7224,1599,1499,72,231,71,10,18,13
"pstC",6023,2538,2635,75,158,49,9,12,7
"SPY49_RS04930",7567,4366,4231,69,183,64,12,11,15
"SPY49_RS04935",4542,1737,1300,32,71,28,6,1,3
"SPY49_RS04940",4780,2151,1952,39,65,22,3,4,4
"SPY49_RS04945",1050,348,327,3,5,7,1,0,0
"SPY49_RS04950",5346,18601,11939,55,148,58,3,3,26
"SPY49_RS04955",2944,2339,2212,44,84,27,4,3,14
"truB",4218,2787,2527,52,115,32,9,6,6
"SPY49_RS04965",2588,1603,1750,15,44,11,4,1,3
"SPY49_RS04970",1033,1458,2296,58,157,28,7,6,13
"SPY49_RS04975",630,671,1008,37,95,23,8,8,7
"SPY49_RS04980",2174,697,585,63,186,49,18,15,10
"SPY49_RS04985",439,90,104,12,41,11,2,3,3
"SPY49_RS04990",216,166,229,0,10,2,0,0,0
"SPY49_RS04995",4600,4275,7842,360,430,175,22,32,36
"SPY49_RS05000",27536,26869,24731,2695,3350,1703,204,272,419
"SPY49_RS05005",12586,10219,8525,1093,1269,712,108,123,183
"SPY49_RS05010",22483,17047,14401,2299,2738,1543,272,261,261
"SPY49_RS05015",4148,2685,797,348,280,180,36,29,67
"amaP",26880,11556,9663,2780,3193,1621,262,286,367
"SPY49_RS05025",9933,3881,1981,827,1065,523,84,69,129
"pcrA",5995,5577,4794,126,341,115,14,14,23
"SPY49_RS05035",1355,471,325,59,98,33,4,5,0
"SPY49_RS05040",3290,3179,2167,148,232,85,9,14,10
"cfa",6665,43243,39606,225,384,175,32,25,52
"SPY49_RS05050",5072,8607,7904,129,255,89,17,23,27
"SPY49_RS05055",3861,2625,2232,103,185,41,18,15,31
"SPY49_RS05060",4573,3335,3552,90,179,65,11,8,13
"SPY49_RS05065",4717,5026,4368,35,47,16,6,2,6
"glmS",18994,7860,8577,497,638,331,58,53,71
"lepB_2",4179,4387,5645,166,201,95,28,19,23
"pyk",46583,61201,55849,511,1009,465,92,95,137
"pfkA",26490,17200,9355,289,552,227,46,40,66
"SPY49_RS05090",11245,4271,3901,130,307,108,18,26,29
"SPY49_RS05095",2189,4640,3240,74,129,51,7,5,14
"SPY49_RS05100",4889,4322,3523,200,282,105,11,12,29
"SPY49_RS05105",3171,9427,6801,122,181,53,14,24,29
"SPY49_RS05110",4966,9828,9008,31,59,22,2,0,8
"ssrA",397158,1436796,1180533,5238,6801,3990,1311,1118,2833
"SPY49_RS05115",2308,3027,4300,14,19,12,1,2,0
"glgP",1367,1254,1604,238,220,65,22,12,36
"malQ",519,832,896,92,83,23,15,0,22
"SPY49_RS05130",755,5892,5719,16,15,8,1,0,6
"SPY49_RS05135",2830,2533,2105,498,401,125,42,16,76
"SPY49_RS05140",1226,776,788,128,188,41,19,10,7
"SPY49_RS05145",1221,421,262,159,190,49,19,8,8
"SPY49_RS05150",477,180,133,49,61,25,4,3,0
"SPY49_RS05160",11244,8253,6805,96,258,68,16,15,22
"dltD",11074,5596,3608,106,227,92,21,21,25
"dltC",2204,950,724,23,32,9,1,2,3
"dltB",11529,3449,2400,110,257,88,11,17,24
"dltA",20839,9141,7883,176,404,107,20,26,28
"SPY49_RS05185",288,227,75,0,3,0,0,0,0
"uvrB",15032,7521,7459,117,218,79,17,15,14
"SPY49_RS05195",65105,34251,32394,402,675,341,64,52,46
"SPY49_RS05200",30127,12103,8562,200,384,183,28,41,20
"SPY49_RS09600",17,6,4,2,0,1,0,0,0
"SPY49_RS05205",72,28,22,3,14,5,0,0,1
"SPY49_RS05210",39,7,8,3,4,1,0,1,1
"SPY49_RS05215",37,5,5,0,0,0,2,1,2
"SPY49_RS05220",17,7,5,0,5,0,0,0,0
"SPY49_RS05225",147,65,42,9,20,4,0,1,0
"SPY49_RS05230",52,17,17,1,1,9,0,0,0
"SPY49_RS05235",70,19,12,6,6,0,0,0,0
"SPY49_RS05240",913,949,774,18,66,22,3,9,9
"SPY49_RS09605",150,350,235,5,10,5,0,1,0
"obgE",4922,8519,5840,65,127,55,12,18,12
"SPY49_RS09265",477,436,369,6,2,2,0,0,0
"SPY49_RS05260",0,0,0,0,0,0,0,0,0
"SPY49_RS09270",0,0,0,3,8,3,1,0,0
"SPY49_RS05270",0,0,1,0,0,0,0,0,0
"SPY49_RS05275",281,231,133,7,53,16,2,0,5
"SPY49_RS05280",0,0,0,0,0,0,0,5,0
"SPY49_RS05285",0,0,0,0,0,1,2,0,0
"SPY49_RS09275",0,0,0,0,0,0,0,0,0
"SPY49_RS05295",10,6,0,0,0,1,0,0,0
"SPY49_RS09280",9,7,2,0,0,0,0,0,0
"SPY49_RS05300",1518,1009,913,22,60,9,2,6,3
"SPY49_RS05305",1002,2100,1324,2,8,8,1,2,0
"SPY49_RS05310",134,381,198,9,65,8,5,5,0
"SPY49_RS05315",7189,2864,1773,55,173,60,3,10,5
"SPY49_RS05320",1620,3466,3772,17,56,19,3,1,3
"SPY49_RS05325",2754,945,731,14,59,14,5,5,3
"rlmD_1",4674,2410,2139,50,88,49,9,6,4
"SPY49_RS05335",4756,5876,5075,116,175,73,12,18,24
"SPY49_RS05340",337,276,181,9,37,14,4,8,3
"aroA",1306,587,383,38,150,32,5,6,11
"SPY49_RS05350",6201,8335,6353,115,245,63,18,14,22
"SPY49_RS05355",9627,9409,5980,152,323,104,17,26,31
"spxR",4231,3151,2322,130,302,99,21,24,18
"SPY49_RS05365",1694,2776,2257,65,113,37,2,5,3
"SPY49_RS05370",2824,8708,9771,54,124,32,12,12,17
"SPY49_RS05375",6965,7901,4513,156,268,87,19,23,34
"SPY49_RS05380",6389,4386,3710,63,126,69,7,8,20
"SPY49_RS05385",287,102,66,16,55,21,0,1,7
"birA",5403,3993,3755,38,68,31,4,1,7
"SPY49_RS09285",1097,3254,2443,14,41,19,2,2,5
"dnaX",9084,8513,8467,170,245,100,15,12,23
"SPY49_RS05400",3532,4662,5172,29,62,28,6,7,9
"SPY49_RS05405",1195,1362,971,8,36,7,1,3,3
"SPY49_RS05410",61,105,80,0,0,3,0,0,0
"udk",2818,12718,9596,20,64,22,2,1,7
"SPY49_RS05420",8854,3154,2305,100,186,79,7,6,16
"SPY49_RS05425",4015,3679,2239,65,103,40,6,2,18
"SPY49_RS05430",44519,36302,20947,336,625,235,76,47,82
"ptsP",36603,75626,44745,674,1632,414,110,95,156
"SPY49_RS05440",25178,65904,68095,276,513,191,45,51,74
"SPY49_RS05445",2664,3318,2662,33,32,23,5,2,5
"nrdE_2",20406,23050,16988,298,500,183,21,33,38
"nrdF_2",8733,13630,9272,120,240,81,11,13,18
"SPY49_RS05460",2482,1606,1151,51,114,45,10,4,1
"SPY49_RS09525",323,432,395,3,7,0,0,1,0
"SPY49_RS05485",226,316,309,61,70,30,7,0,7
"SPY49_RS05490",220,317,350,71,118,34,12,9,16
"SPY49_RS05495",138,210,226,41,59,19,2,8,11
"alaS",8541,7216,5542,150,348,141,20,23,33
"prsA_1",11723,23004,26070,89,178,67,18,5,19
"SPY49_RS05510",2016,2339,2776,24,35,19,1,2,2
"SPY49_RS05515",4792,4368,4023,28,86,46,18,5,14
"pepF_2",2996,4889,4244,69,161,44,5,9,30
"SPY49_RS05525",167,135,103,8,20,2,1,0,1
"SPY49_RS05530",727,754,647,35,51,6,3,7,7
"nagB",191,415,395,12,35,7,3,0,3
"queA",4291,1260,1051,24,66,19,13,1,8
"SPY49_RS05545",4620,4254,4381,56,81,42,7,5,13
"SPY49_RS05550",57,123,147,4,3,0,5,0,0
"SPY49_RS05555",32,44,66,0,0,0,0,0,1
"SPY49_RS05560",24,95,92,1,0,1,1,1,0
"SPY49_RS05565",29662,76459,102520,487,693,342,56,48,114
"SPY49_RS05570",2278,2260,2377,19,41,13,2,4,3
"SPY49_RS05575",55,23,20,4,3,0,0,0,0
"SPY49_RS05580",15,8,8,1,0,1,0,0,0
"SPY49_RS05585",2835,2826,1775,34,92,29,3,7,14
"SPY49_RS05590",1709,901,644,21,50,9,4,3,4
"SPY49_RS05595",304,259,267,4,9,1,0,0,3
"SPY49_RS05600",4387,4596,4084,41,80,28,5,4,3
"SPY49_RS05605",27530,23498,15591,273,528,227,36,35,67
"SPY49_RS05610",6160,3081,1907,216,501,167,18,35,28
"SPY49_RS05615",2256,3681,4010,26,50,16,3,4,18
"SPY49_RS05620",7359,3296,2375,73,165,57,11,7,18
"SPY49_RS05625",5230,4531,3061,75,129,45,13,11,18
"recR",1441,1557,1290,17,31,5,2,0,4
"SPY49_RS05640",433,721,790,7,22,4,1,6,1
"SPY49_RS05645",1870,5302,6989,76,170,51,6,8,23
"SPY49_RS05650",1200,1515,1977,30,39,25,3,6,11
"SPY49_RS05655",23877,23939,26407,460,621,403,81,55,127
"SPY49_RS05660",4290,3611,2458,20,88,22,3,3,7
"cadA",8540,8942,7769,54,104,46,15,12,17
"SPY49_RS05670",10273,70200,51225,140,253,117,18,15,47
"SPY49_RS05675",3915,4723,5646,61,81,32,3,3,6
"SPY49_RS05680",6198,5385,6284,85,158,41,11,9,11
"SPY49_RS05685",5432,2343,1780,66,130,42,5,6,5
"SPY49_RS05690",6215,5347,5150,88,213,77,12,18,22
"recN",9595,3203,2320,134,287,87,21,16,28
"SPY49_RS05700",1975,501,347,27,52,25,1,0,1
"SPY49_RS05705",4510,1223,848,64,128,66,13,11,14
"SPY49_RS05710",3575,1534,1240,51,103,40,8,3,13
"SPY49_RS05715",766,269,251,19,29,8,1,1,0
"SPY49_RS05720",4429,3607,3372,61,140,54,9,9,18
"SPY49_RS05725",2601,2126,3426,12,48,11,2,0,1
"SPY49_RS05730",23021,33954,23500,264,720,239,21,22,72
"SPY49_RS05735",1704,2321,2526,28,51,9,1,3,4
"SPY49_RS05740",312,807,562,39,118,10,3,6,2
"SPY49_RS05745",397,523,333,29,106,9,5,4,7
"SPY49_RS05750",1606,8089,6214,7,22,13,0,3,2
"SPY49_RS05755",36550,6666,5337,874,2134,586,87,106,114
"SPY49_RS05760",2015,1255,2352,49,109,19,12,11,5
"SPY49_RS05765",5475,12043,8503,30,71,25,6,1,8
"SPY49_RS05770",11379,6862,5705,224,513,195,51,27,64
"SPY49_RS05775",22377,17273,20183,300,435,184,35,25,68
"SPY49_RS05780",17767,9555,8844,256,414,190,27,29,68
"SPY49_RS05785",4750,2159,1540,56,101,40,6,7,9
"SPY49_RS05790",23486,9611,8800,302,586,199,23,27,45
"SPY49_RS05795",19501,7049,6051,283,536,232,44,22,55
"ftsZ",36776,9277,8007,600,1091,411,88,62,99
"ftsA",32323,11350,8862,509,889,411,54,47,75
"SPY49_RS05810",8669,4876,4629,126,259,90,20,7,18
"SPY49_RS05815",6619,1846,1284,93,193,90,11,14,18
"SPY49_RS05820",8264,3746,3338,109,238,112,18,12,10
"SPY49_RS05825",1098,1166,707,35,52,21,2,4,9
"typA",32048,23582,17183,240,405,182,25,21,53
"SPY49_RS05835",1489,1270,1020,43,79,34,10,4,6
"SPY49_RS05840",2973,2192,1949,122,205,92,16,7,20
"SPY49_RS05845",277,134,94,15,24,9,1,0,1
"SPY49_RS05850",39852,25296,13386,943,1052,851,142,96,212
"SPY49_RS05855",15,36,20,0,3,0,0,0,0
"rlmN",4280,8689,8340,49,139,33,6,6,14
"SPY49_RS05865",3333,7110,6168,38,94,28,7,8,4
"SPY49_RS05870",1703,587,593,28,68,22,2,3,1
"SPY49_RS05875",6940,7191,4855,76,187,62,4,7,18
"coaD",1712,1392,1012,20,40,11,1,1,4
"rsmD",2415,1962,1210,47,78,29,4,6,8
"SPY49_RS05890",1261,2903,3150,17,62,10,1,3,9
"arcC",12618,3377,2210,91,149,76,22,12,35
"SPY49_RS05900",17174,1427,876,108,174,127,18,11,32
"SPY49_RS05905",35486,1973,1338,130,201,162,30,12,53
"argF",108505,7406,4834,266,336,249,51,40,90
"SPY49_RS05915",74989,7007,4064,154,230,179,30,30,32
"arcA",126305,18380,9794,289,362,315,46,35,118
"SPY49_RS05925",969,963,1005,37,44,9,1,6,5
"SPY49_RS05930",1502,1157,944,14,32,9,4,2,3
"SPY49_RS05935",5133,18497,20147,50,76,32,7,2,3
"SPY49_RS05940",970,399,377,34,105,23,6,5,16
"SPY49_RS05945",1376,472,402,54,114,35,13,10,18
"SPY49_RS05950",496,231,236,12,43,15,0,1,2
"msrB_2",41,13,21,26,78,34,18,4,16
"SPY49_RS05960",14,4,2,6,23,11,3,3,11
"ccdA2",18,7,3,9,27,7,3,0,4
"cas2_2",66,77,74,1,7,5,0,0,0
"cas1c",228,110,72,7,15,0,1,1,1
"cas4",128,62,27,3,7,1,1,1,4
"cas7c",160,67,53,6,5,2,1,0,1
"cas8c",264,166,168,7,8,6,1,0,3
"cas5c",75,51,51,0,4,0,0,0,0
"SPY49_RS06000",140,93,114,4,5,1,0,0,1
"SPY49_RS06005",5713,2761,2200,101,201,111,21,11,24
"SPY49_RS06010",962,964,955,10,26,15,1,0,1
"SPY49_RS09530",732,1508,1488,7,17,16,0,1,1
"SPY49_RS06020",1159,3635,3217,15,23,7,0,2,5
"SPY49_RS06025",770,1992,1573,12,18,6,1,0,1
"SPY49_RS06030",1,5,0,0,0,1,0,0,0
"SPY49_RS06035",1306,1573,1108,24,44,19,2,4,6
"SPY49_RS06040",2330,2794,1545,52,125,51,5,9,9
"SPY49_RS06045",1077,2611,2857,11,30,10,0,0,2
"SPY49_RS06050",1412,3296,3905,17,27,19,7,1,3
"SPY49_RS06055",2490,1868,1425,24,97,30,10,4,10
"SPY49_RS06060",975,365,228,28,57,16,3,5,6
"SPY49_RS06065",2018,698,629,64,190,67,10,5,6
"SPY49_RS06070",713,334,255,20,50,14,1,2,3
"SPY49_RS06075",883,479,366,22,70,15,4,2,0
"SPY49_RS06080",209,254,270,9,16,4,0,0,0
"SPY49_RS06085",474,63,53,19,56,18,4,4,11
"SPY49_RS06090",174,23,17,10,16,10,1,1,3
"SPY49_RS06095",178,66,30,8,25,4,0,1,1
"SPY49_RS06100",78,25,9,1,5,1,0,0,0
"SPY49_RS06105",2516,255,170,74,204,34,9,7,14
"SPY49_RS06110",2658,184,177,76,155,46,6,11,4
"SPY49_RS06115",1063,285,192,19,52,14,0,4,6
"SPY49_RS06120",446,138,51,12,34,6,0,2,3
"SPY49_RS06125",1865,225,199,34,130,32,8,3,5
"rocA",2818,4966,5169,39,87,31,13,4,9
"rlmD_2",2620,990,905,23,58,17,3,4,1
"recX",1592,940,1355,12,17,6,1,1,2
"SPY49_RS06145",6668,19736,17346,146,221,100,10,13,26
"SPY49_RS09535",60,71,122,3,14,1,1,1,0
"SPY49_RS06150",6,9,15,0,0,0,0,0,0
"SPY49_RS06155",22,75,54,0,0,0,0,0,0
"SPY49_RS06160",47,68,79,0,0,0,0,0,0
"SPY49_RS06165",7,13,26,0,0,0,1,0,0
"SPY49_RS06170",1,1,0,0,0,0,0,0,0
"SPY49_RS06175",0,0,0,0,0,0,0,0,0
"rrf_5",0,0,0,0,17,0,0,3,0
"SPY49_RS06185",184,49,35,13,72,0,0,0,738
"SPY49_RS06190",0,0,0,0,0,0,0,0,0
"SPY49_RS06195",135930,24379,10352,808,1,1630,480,40,151
"raiA",38276,125046,74678,291,595,249,46,46,108
"SPY49_RS06205",33,77,80,1,5,0,0,0,0
"SPY49_RS06210",98,63,69,5,21,7,1,2,2
"SPY49_RS06215",2038,3763,3660,33,69,38,4,1,11
"cysK",2403,12355,7084,42,97,39,9,9,20
"SPY49_RS06225",4798,2423,1907,61,145,50,17,10,6
"SPY49_RS06230",16482,5516,5428,152,330,156,21,16,31
"SPY49_RS06235",2222,1172,1443,36,89,38,9,4,11
"SPY49_RS06240",2752,3496,3953,34,87,55,6,5,14
"SPY49_RS06245",871,2300,1560,11,29,10,2,1,6
"pknB",43267,15992,16380,597,1266,473,79,78,68
"SPY49_RS06255",11902,3684,3711,212,380,131,18,27,31
"rsmB",10776,3613,3499,203,386,146,18,16,28
"SPY49_RS06265",5327,4754,5461,117,178,55,6,18,14
"SPY49_RS06270",5876,1275,1325,75,103,34,5,6,15
"SPY49_RS06275",3737,5920,5224,45,62,25,5,6,9
"gmk",5871,3859,5992,58,154,37,13,6,20
"SPY49_RS06285",25006,17066,11076,470,894,346,69,53,75
"SPY49_RS06290",1734,978,578,11,23,6,0,0,3
"SPY49_RS06295",1408,612,436,12,35,16,1,1,3
"SPY49_RS06300",800,330,278,3,22,12,1,1,0
"SPY49_RS06305",1159,359,330,13,23,11,0,1,3
"SPY49_RS06310",1010,611,594,9,26,7,1,0,3
"SPY49_RS06315",1711,382,244,25,65,22,1,4,7
"SPY49_RS06320",3388,4636,6945,37,54,10,5,2,10
"SPY49_RS06325",21120,26834,21793,327,496,180,36,38,78
"SPY49_RS06330",12100,5317,4418,136,233,80,11,11,17
"rnpB",188364,711414,587655,2992,3879,2312,776,579,1407
"gpsB",5506,11399,10724,59,71,33,6,11,21
"SPY49_RS06340",540,1191,1239,3,9,2,0,1,1
"recU",11134,9121,11683,137,234,96,26,17,18
"pbp1a",51253,28204,21355,749,1250,548,82,77,117
"pepC",23522,36497,25575,230,452,201,44,20,92
"nadE",4593,2822,2108,66,138,43,9,12,10
"SPY49_RS06365",8338,3488,2268,110,217,84,13,8,30
"SPY49_RS06370",9051,6955,4585,159,320,111,28,30,37
"trxB",3842,2925,2473,90,164,40,15,11,12
"SPY49_RS06380",364,247,170,7,11,4,1,0,1
"SPY49_RS06385",4578,7031,7689,72,173,49,8,7,17
"SPY49_RS06390",6588,8927,8845,73,172,44,4,7,11
"SPY49_RS06395",12296,9023,7160,82,207,72,18,16,24
"SPY49_RS06400",4536,7943,8150,78,138,59,8,6,22
"pbp2x",8830,6094,7451,108,256,92,13,17,25
"ftsL",687,356,392,10,17,4,0,0,1
"rsmH",6716,4876,5780,73,130,49,9,9,12
"SPY49_RS06420",409,301,292,4,10,1,0,0,0
"SPY49_RS06425",2459,1132,1084,13,38,14,2,3,3
"proB",1098,913,729,5,17,15,1,2,2
"SPY49_RS06435",3133,4034,4120,79,205,55,13,16,30
"SPY49_RS06440",1441,2499,2552,32,76,10,5,6,9
"SPY49_RS06445",871,1619,1560,19,52,14,2,4,2
"tkt",26888,23094,18879,265,547,186,38,38,68
"fsa",736,599,379,26,68,26,0,1,2
"SPY49_RS06460",1203,239,161,42,124,35,10,6,11
"SPY49_RS06465",604,193,107,21,73,25,5,4,2
"SPY49_RS06470",170,124,137,19,30,20,0,3,1
"glpO",431,107,71,31,72,46,2,6,4
"glpK",239,134,111,18,30,16,1,7,2
"SPY49_RS06485",27971,70072,57729,1108,1310,868,141,113,164
"SPY49_RS06490",1400,812,721,29,47,18,3,2,6
"SPY49_RS06495",6795,2521,1808,94,242,114,13,11,8
"glyQ",3177,1185,814,24,56,39,9,10,4
"SPY49_RS06505",1107,6900,5168,84,110,60,8,11,14
"SPY49_RS06510",3270,4271,3893,254,285,141,24,25,41
"nagA",4320,3027,2278,56,108,47,11,4,9
"SPY49_RS06520",6036,5873,5341,61,134,35,9,7,19
"SPY49_RS06530",3286,6942,5043,20,24,16,3,2,1
"SPY49_RS06535",1177,2686,3088,17,43,17,6,3,4
"SPY49_RS06540",1764,892,629,22,43,16,6,1,2
"SPY49_RS06545",1571,767,616,26,36,23,0,3,3
"lacD_1",1914,56,37,60,137,25,8,8,17
"SPY49_RS09320",1710,34,28,43,67,17,7,5,3
"lacB_1",1005,13,13,25,36,9,1,1,8
"lacA_1",1492,14,8,19,38,10,2,2,4
"SPY49_RS06570",3995,78,60,85,183,42,10,9,26
"SPY49_RS06575",931,122,141,31,51,8,5,1,7
"SPY49_RS06580",691,418,386,16,25,9,3,0,3
"SPY49_RS06585",767,1956,1577,47,69,23,7,1,9
"SPY49_RS06590",1740,1591,1226,18,23,13,1,1,1
"SPY49_RS06595",23306,7686,7664,368,541,187,44,59,58
"SPY49_RS06600",3431,1305,1384,54,67,15,2,4,11
"SPY49_RS06605",2317,1204,1242,36,34,15,5,4,5
"rbfA",2445,3137,2872,52,113,26,8,8,21
"infB",35702,14783,14074,1165,2279,826,121,159,165
"SPY49_RS06620",2463,722,625,79,133,57,7,12,7
"SPY49_RS06625",1781,598,572,40,75,23,3,2,5
"nusA",13223,6410,7495,395,678,235,30,40,73
"rimP",7151,9169,9569,193,343,122,20,15,24
"SPY49_RS06640",290,411,433,6,5,3,0,0,1
"trmB",5221,6370,5796,96,169,69,14,7,26
"SPY49_RS06650",7357,5603,4937,128,292,112,24,20,34
"SPY49_RS06655",2949,3966,3436,57,93,42,4,2,14
"SPY49_RS06660",2072,3685,3553,45,89,31,4,3,11
"SPY49_RS06665",2772,2400,1294,38,67,25,6,1,7
"SPY49_RS06670",3274,2167,1074,31,53,17,5,6,5
"SPY49_RS06675",10763,20519,23211,296,648,229,44,31,62
"SPY49_RS06680",2919,4515,4936,96,172,61,19,3,21
"tsaE",2819,3410,3781,70,195,69,16,11,21
"SPY49_RS06690",6765,7401,6622,266,518,187,47,28,56
"SPY49_RS06695",7832,4290,3694,79,179,75,11,10,27
"manX",11769,11278,8325,315,855,224,58,46,110
"SPY49_RS06705",10019,6455,3996,327,820,212,67,51,64
"SPY49_RS06710",9314,6367,3738,260,738,246,61,48,63
"SPY49_RS06715",2421,5521,5063,14,31,12,0,4,2
"serS",5393,8694,6536,103,184,63,9,7,21
"SPY49_RS06725",48584,19644,15991,50,28,14,4,6,1
"SPY49_RS06730",50862,9377,7469,36,34,8,3,1,15
"SPY49_RS06735",76651,11430,9741,88,54,28,11,5,5
"fabZ",18433,1895,1897,17,10,4,0,0,1
"SPY49_RS06745",26903,3134,2946,9,10,8,4,4,3
"fabF",50841,6081,5039,34,31,20,3,6,3
"fabG",24108,3379,2889,19,8,5,1,2,2
"fabD",22141,5395,4833,27,8,8,2,5,2
"fabK",25925,6846,5198,21,14,9,4,4,3
"SPY49_RS06770",11277,35407,19558,20,18,18,3,2,4
"SPY49_RS06775",33438,65765,54229,61,39,38,16,7,19
"SPY49_RS06780",19598,46081,34095,39,33,14,3,3,5
"SPY49_RS06785",25900,74822,58835,27,26,13,0,2,6
"dnaJ",8802,2248,1954,368,814,219,30,38,39
"dnaK",51076,18160,21117,3242,5654,1468,310,394,604
"grpE",10683,4524,5359,853,1307,373,78,90,138
"hrcA",13739,19159,19784,1314,2015,601,120,140,287
"SPY49_RS06810",2990,1623,1267,79,120,47,4,6,17
"SPY49_RS06815",3907,1669,1213,114,180,69,10,6,24
"SPY49_RS06820",2837,1517,1241,81,111,49,17,10,14
"SPY49_RS06825",398,840,583,13,13,6,1,1,3
"SPY49_RS06830",154,237,251,9,17,3,1,1,0
"gatB",10027,5147,3766,123,262,106,17,21,21
"gatA",8981,3634,2623,119,226,96,21,18,23
"gatC",1793,1131,1020,17,55,17,4,1,7
"SPY49_RS06850",53,77,108,12,28,3,1,2,1
"SPY49_RS06855",129,237,280,14,35,8,2,2,6
"codY",10801,21453,23949,219,291,97,20,24,37
"SPY49_RS06865",9819,13135,13792,104,195,64,19,13,24
"SPY49_RS06870",7088,27945,20710,75,153,69,20,11,20
"SPY49_RS06875",8102,9658,6761,40,72,27,6,3,5
"SPY49_RS06880",1480,1194,1219,32,36,15,4,1,2
"SPY49_RS06885",130,1127,653,4,3,0,0,0,0
"SPY49_RS06890",203,1422,1327,7,11,0,2,1,1
"recG",4653,2981,2029,94,162,57,4,9,12
"SPY49_RS06900",3403,1737,1476,79,162,49,11,10,8
"SPY49_RS06905",1512,853,831,35,50,19,3,8,5
"SPY49_RS06910",953,806,849,20,33,16,1,1,1
"SPY49_RS06915",668,756,907,10,43,10,9,0,5
"SPY49_RS06920",165,100,78,13,33,7,1,3,7
"SPY49_RS06925",114,45,20,5,19,1,0,2,2
"SPY49_RS06930",66,26,13,0,14,0,0,0,1
"isdE",180,46,57,10,26,4,4,0,0
"shr",492,587,482,23,75,12,5,2,11
"SPY49_RS06950",38899,14358,11841,956,1519,604,127,123,189
"SPY49_RS06955",4131,946,840,82,203,43,7,11,13
"SPY49_RS06960",1200,267,224,30,73,22,11,2,2
"secA",49989,38612,31371,851,1443,606,108,115,176
"SPY49_RS06975",1933,1715,1432,10,30,20,3,0,0
"manA",4641,4415,4208,49,77,34,9,8,10
"SPY49_RS06985",91,20,34,6,12,5,0,0,1
"SPY49_RS06990",1843,531,574,45,96,56,8,5,17
"SPY49_RS06995",1335,630,461,24,63,12,2,2,9
"SPY49_RS07000",2247,399,349,16,28,8,3,1,0
"SPY49_RS07005",1856,1263,964,26,55,14,2,2,2
"nusB",11660,16683,15550,177,290,94,17,18,30
"SPY49_RS07015",9304,9673,10154,149,236,94,23,14,25
"efp",16335,13283,12548,262,449,199,27,26,56
"SPY49_RS07025",1201,714,606,24,41,7,3,3,4
"SPY49_RS07030",2014,1524,1337,44,72,18,2,10,6
"uvrA",18631,7209,6347,295,588,212,27,40,43
"SPY49_RS07040",7335,2885,2019,99,157,56,10,13,21
"SPY49_RS07045",6529,3554,2070,89,135,50,9,8,6
"SPY49_RS07050",7856,10627,9803,113,194,67,21,14,36
"SPY49_RS07055",22648,34344,31383,338,620,219,68,51,121
"SPY49_RS07060",12886,22283,18922,147,279,126,19,26,76
"SPY49_RS07065",119,354,376,18,29,6,1,1,4
"mutY",2536,1009,1124,25,54,28,2,3,0
"SPY49_RS07075",195,385,309,2,8,6,0,0,0
"trxA",2428,4325,3133,32,56,30,1,7,10
"SPY49_RS07085",1598,1660,1644,51,67,18,5,6,7
"SPY49_RS07090",9492,6573,5387,301,469,154,21,26,35
"SPY49_RS07095",3914,11744,9132,117,147,65,4,23,23
"SPY49_RS07100",3349,9183,7363,66,134,56,6,6,17
"SPY49_RS07105",7347,5360,4605,92,189,75,8,14,16
"lepB_3",7342,6982,5096,100,120,53,8,9,16
"SPY49_RS07115",5092,1437,1132,54,136,50,7,9,10
"SPY49_RS07120",7094,38149,22827,75,154,42,9,4,30
"dinB",1998,792,612,45,54,18,6,5,5
"pflB",130733,37022,19040,312,673,153,71,35,114
"SPY49_RS07135",1306,9642,11216,33,51,23,3,1,12
"SPY49_RS07140",3077,18507,22644,65,131,34,9,11,9
"SPY49_RS07145",2646,2914,2218,47,135,31,7,16,11
"SPY49_RS07150",7304,14396,14840,109,187,67,22,16,17
"SPY49_RS09610",681,4504,2891,3,0,1,0,0,0
"SPY49_RS07155",4130,44548,32182,28,11,0,1,1,2
"SPY49_RS07160",2794,1090,1124,15,22,10,8,1,5
"SPY49_RS07165",15611,5642,5851,149,268,91,19,19,30
"SPY49_RS07170",2,12,8,0,1,0,0,0,0
"SPY49_RS07175",721,1806,2432,18,33,10,4,3,2
"SPY49_RS07180",2,18,13,1,2,0,0,0,0
"sda3",644,903,1716,13,30,17,5,1,4
"SPY49_RS07190",81,158,123,4,4,2,2,0,0
"SPY49_RS07195",7960,11312,12621,92,144,58,13,14,27
"SPY49_RS07200",5798,7659,10316,92,149,60,19,16,27
"SPY49_RS07205",391,120,60,2,4,5,0,0,2
"SPY49_RS07215",87,23,18,1,1,1,0,0,0
"SPY49_RS07220",32,2,2,0,0,0,0,1,0
"SPY49_RS07225",146,24,9,0,2,0,0,0,0
"SPY49_RS09615",26,0,1,0,0,0,0,0,0
"SPY49_RS07230",478,126,93,3,7,4,0,3,2
"SPY49_RS07235",285,37,18,1,3,3,0,0,0
"SPY49_RS07240",455,77,46,2,3,0,0,0,1
"SPY49_RS07245",136,27,18,0,2,0,0,0,0
"SPY49_RS07250",1057,165,116,3,16,12,1,5,0
"SPY49_RS07255",93,22,19,3,1,1,0,0,0
"SPY49_RS07260",80,11,18,3,0,0,0,0,0
"SPY49_RS07265",106,19,10,1,4,1,2,0,0
"SPY49_RS07270",72,21,12,2,2,0,0,0,0
"SPY49_RS07275",44,12,4,0,1,0,1,0,0
"SPY49_RS07280",60,7,11,0,4,0,0,0,0
"SPY49_RS07285",69,17,20,0,1,1,0,0,0
"SPY49_RS07290",53,24,22,0,0,0,0,0,0
"SPY49_RS07295",339,82,71,2,8,4,1,0,2
"SPY49_RS07300",114,26,21,0,1,1,0,0,0
"SPY49_RS07305",147,54,54,0,0,0,0,0,1
"SPY49_RS07310",29,21,2,0,1,0,0,0,0
"SPY49_RS07315",53,4,14,1,2,0,1,0,0
"SPY49_RS07320",125,524,306,2,3,6,0,0,0
"SPY49_RS07325",244,99,78,0,0,3,0,1,1
"SPY49_RS07330",238,50,31,1,5,1,3,0,0
"SPY49_RS07335",155,25,15,0,2,0,0,2,2
"SPY49_RS07340",50,39,25,1,4,0,0,0,0
"SPY49_RS07345",35,238,203,0,4,1,0,0,0
"SPY49_RS07350",58,23,28,3,2,2,0,0,0
"SPY49_RS07355",34,16,6,3,3,1,3,2,0
"SPY49_RS07360",24,4,7,1,3,0,0,0,1
"SPY49_RS07365",61,9,5,2,5,1,0,0,0
"SPY49_RS07370",21,7,2,3,7,0,0,0,0
"SPY49_RS07375",32,9,6,0,2,2,0,0,0
"SPY49_RS07380",36,4,6,0,1,0,0,0,2
"SPY49_RS07390",49,11,10,4,6,0,1,0,0
"SPY49_RS07395",57,13,10,1,9,0,0,0,1
"SPY49_RS07400",16,2,6,0,0,0,0,0,0
"ssb",23,11,9,0,2,3,1,0,0
"SPY49_RS07410",97,14,19,3,3,5,0,0,0
"SPY49_RS07415",36,6,3,3,4,1,0,0,0
"SPY49_RS07420",21,2,4,0,3,1,0,0,1
"SPY49_RS07425",32,6,1,1,3,1,0,0,0
"SPY49_RS07430",105,28,32,3,8,2,0,0,1
"SPY49_RS09000",60,26,17,5,6,1,1,1,0
"SPY49_RS07445",58,40,22,3,2,1,1,0,0
"SPY49_RS07450",566,529,302,2,14,5,6,0,1
"SPY49_RS07455",33,20,32,0,2,0,0,0,0
"SPY49_RS07460",171,861,929,5,4,4,1,0,2
"SPY49_RS09360",23,20,13,0,0,0,0,1,0
"SPY49_RS09005",67,42,41,4,2,0,0,1,0
"SPY49_RS07470",6,8,7,0,3,1,1,0,0
"SPY49_RS07475",36,7,14,3,0,1,0,0,0
"SPY49_RS07480",1220,3057,1918,6,15,5,1,0,4
"SPY49_RS09620",22,7,7,0,3,0,0,0,0
"SPY49_RS07485",155,32,20,1,5,4,0,0,0
"SPY49_RS07490",39,13,10,0,0,0,0,1,0
"SPY49_RS07495",709,1280,1135,4,11,1,0,0,1
"SPY49_RS09540",25,0,6,0,5,0,0,0,0
"SPY49_RS07500",247,42,31,5,8,3,1,0,0
"SPY49_RS07505",139,337,327,2,3,0,0,0,0
"SPY49_RS07510",95,34,28,3,1,0,1,0,0
"SPY49_RS07515",86,30,30,0,3,2,0,0,1
"SPY49_RS07520",731,3717,2558,10,8,2,3,0,0
"SPY49_RS07525",972,1448,1366,27,26,4,1,1,4
"SPY49_RS09625",76,88,133,5,5,2,1,0,0
"SPY49_RS07530",2236,4975,8193,73,124,56,9,4,10
"SPY49_RS07535",943,3341,3450,15,41,14,1,2,4
"SPY49_RS07540",2034,6856,6688,27,65,16,10,3,5
"SPY49_RS07545",1817,8492,7368,19,54,23,2,3,1
"SPY49_RS07550",382,281,166,17,17,8,0,2,1
"SPY49_RS07555",170,194,115,4,11,5,3,0,2
"SPY49_RS07560",4556,9722,8093,90,128,68,8,6,17
"SPY49_RS09370",96,72,84,0,0,0,0,3,9
"SPY49_RS07580",783,679,597,10,17,6,2,1,3
"deoC",6087,5212,5233,140,334,114,21,16,44
"SPY49_RS07590",7300,7885,7344,187,458,155,24,19,55
"udp",3278,6882,5768,126,311,77,26,17,33
"SPY49_RS07600",1482,1150,899,107,177,62,3,8,5
"rpsN",655,1188,2285,244,1159,959,116,53,236
"tsaD",7339,4380,3027,161,276,91,7,16,9
"rimI",2311,915,572,34,72,40,4,5,12
"tsaB",5894,4042,3136,91,173,47,16,15,19
"SPY49_RS07625",1822,580,387,25,50,26,4,3,1
"SPY49_RS07630",19272,11371,7454,604,990,409,92,70,77
"glnA",35006,54733,49096,113,168,79,17,13,23
"SPY49_RS07640",10116,12817,11774,27,70,27,5,3,5
"SPY49_RS07645",1116,1811,1389,9,42,7,2,1,3
"SPY49_RS07650",50654,58977,50447,357,652,312,62,47,117
"SPY49_RS07655",15304,44657,54709,101,170,61,17,9,33
"SPY49_RS07660",7176,3307,2760,98,184,80,24,7,19
"SPY49_RS07665",31074,21156,19367,541,854,366,62,65,101
"SPY49_RS07670",9693,10200,9909,146,230,93,24,22,27
"SPY49_RS07675",3080,19059,13696,76,140,54,13,3,24
"SPY49_RS07680",40890,73414,44320,453,773,348,79,58,136
"SPY49_RS07685",19,38,23,0,0,3,0,0,0
"SPY49_RS07690",7708,7985,5407,152,301,101,18,16,45
"SPY49_RS07695",6947,5955,4845,303,659,199,28,40,63
"SPY49_RS07700",6555,33773,20238,55,117,57,18,10,10
"SPY49_RS07705",34039,67041,75542,404,729,307,40,59,95
"SPY49_RS07710",1119,1834,1486,11,19,8,0,1,5
"SPY49_RS07715",1672,1070,706,30,43,21,6,2,4
"SPY49_RS07720",1401,754,483,19,54,21,6,3,6
"SPY49_RS07725",2768,1951,1568,68,84,25,9,7,6
"truA",2320,3458,3237,42,75,28,7,12,11
"SPY49_RS07735",9,22,15,0,0,0,0,0,0
"SPY49_RS07740",0,0,0,0,0,0,0,0,2
"SPY49_RS07745",0,0,0,0,0,0,0,0,0
"rrf_6",0,0,0,1,0,1,0,0,0
"SPY49_RS07755",1749838,380303,218610,28431,55554,46290,7905,4886,3160
"SPY49_RS07760",61,44,29,1,1,0,0,0,0
"SPY49_RS07765",178,101,16,0,0,0,0,0,0
"SPY49_RS07770",1144,1302,929,10,23,11,2,2,4
"SPY49_RS07775",7877,2874,2298,79,156,63,16,11,15
"SPY49_RS07780",4046,824,657,38,85,21,9,7,5
"SPY49_RS07785",6706,2262,2166,85,141,41,9,18,11
"SPY49_RS07795",392,1340,1177,11,27,8,2,0,3
"SPY49_RS07800",886,3251,3016,35,51,14,3,7,4
"SPY49_RS07805",934,3107,2869,14,37,10,2,8,0
"SPY49_RS07810",20,33,25,0,2,0,1,0,0
"SPY49_RS07815",6,18,18,1,2,1,0,0,0
"SPY49_RS07820",15,23,39,2,7,1,0,0,0
"SPY49_RS07825",16,23,24,0,2,1,0,0,0
"lacG",252,121,139,10,31,6,2,0,6
"SPY49_RS07835",613,238,220,45,98,21,3,8,11
"SPY49_RS07840",102,35,31,10,19,4,1,4,1
"lacD_2",412,172,128,21,42,6,1,2,5
"SPY49_RS07850",482,214,186,22,17,7,0,1,5
"lacB_2",325,295,264,14,16,4,0,0,2
"lacA_2",280,723,608,9,25,1,2,3,0
"SPY49_RS07865",978,7497,5948,42,55,24,2,10,5
"SPY49_RS07870",397,1705,1076,6,6,1,0,0,1
"SPY49_RS07875",1293,5651,4474,14,15,4,2,1,3
"SPY49_RS09630",2,0,6,0,0,0,0,0,0
"SPY49_RS09385",1,3,1,0,0,0,0,0,0
"rpsI",11063,11874,7568,242,551,171,32,33,52
"rplM",24949,15946,8243,557,1151,408,77,73,132
"SPY49_RS07890",20,19,15,0,0,0,1,0,0
"SPY49_RS07895",70,63,44,1,0,1,1,0,0
"SPY49_RS07900",4123,17689,24125,19,30,15,4,1,4
"SPY49_RS07905",5644,5411,6875,34,74,33,2,3,6
"rlmB",7388,10560,11594,59,92,57,7,9,16
"SPY49_RS07915",4288,5017,6377,31,75,36,3,3,12
"SPY49_RS07920",1466,1966,2360,15,54,18,1,3,9
"SPY49_RS07925",3696,2741,3465,56,106,39,5,8,9
"SPY49_RS07930",560,191,131,4,20,4,1,0,3
"cysE",5252,2187,1402,43,136,57,17,6,4
"SPY49_RS07945",4175,1245,958,63,99,50,11,4,4
"pnp",14750,3255,2418,118,391,130,10,23,21
"SPY49_RS07955",1364,78,49,23,54,24,3,5,1
"SPY49_RS07960",2123,92,50,36,102,46,2,5,6
"SPY49_RS07965",453,13,12,8,20,5,1,2,4
"SPY49_RS07970",2333,728,409,56,119,37,12,9,12
"rpsO",5051,29615,22158,53,95,52,9,7,29
"SPY49_RS07980",6,9,13,0,0,0,0,0,0
"SPY49_RS09390",0,0,0,0,1,0,0,0,0
"SPY49_RS07985",1942,5062,6441,22,47,29,3,3,12
"SPY49_RS07990",1756,2084,3004,45,75,45,3,2,6
"SPY49_RS07995",1997,587,397,32,81,29,3,1,4
"SPY49_RS08000",12755,4657,3672,176,419,192,28,19,16
"SPY49_RS08005",13964,4716,3081,187,386,158,32,31,22
"rseP",8880,4441,3626,134,254,103,21,11,29
"SPY49_RS08015",3610,1270,1085,56,85,27,3,5,14
"SPY49_RS08020",5318,2713,2287,97,195,80,15,19,15
"yajC",4342,11315,9347,82,107,64,9,4,8
"SPY49_RS08030",3534,5616,7476,83,141,40,4,12,11
"SPY49_RS08035",4279,690,542,418,674,168,36,31,45
"SPY49_RS08040",1758,640,447,194,210,87,21,12,31
"ugpC",10793,5412,4130,286,366,122,28,31,79
"SPY49_RS08050",2704,2989,2441,75,97,36,9,7,20
"ska",24035,13575,15842,364,402,238,45,24,69
"SPY49_RS08060",1806,1399,1454,19,33,15,7,5,1
"SPY49_RS08065",6417,4022,2918,90,128,54,12,12,12
"SPY49_RS08070",80,9,15,2,3,3,0,0,0
"nrdI_2",4307,2814,2419,28,63,33,2,5,5
"SPY49_RS08080",515,316,254,67,90,14,9,1,12
"SPY49_RS08085",3307,464,356,520,648,246,76,25,38
"SPY49_RS08090",2919,1833,1677,39,95,30,7,5,2
"SPY49_RS08095",4394,2079,1647,75,143,49,5,5,11
"SPY49_RS08100",2003,2492,1040,37,53,13,15,4,12
"SPY49_RS08105",2512,2293,1480,50,75,16,8,8,1
"SPY49_RS08110",1868,1851,1322,24,58,21,5,5,2
"SPY49_RS08115",2474,3719,3066,44,56,24,2,7,7
"SPY49_RS08120",1611,4197,2755,26,43,13,3,1,1
"SPY49_RS08130",208,374,414,2,1,2,0,0,2
"SPY49_RS08135",108,206,172,0,1,2,0,0,1
"SPY49_RS08140",340,820,694,2,0,0,0,0,0
"SPY49_RS08150",14,49,62,0,0,1,0,0,0
"SPY49_RS08155",9,9,5,0,0,0,0,0,0
"pabB",7102,1055,721,93,204,64,11,11,9
"SPY49_RS08170",3318,197,122,34,109,27,5,13,0
"SPY49_RS08175",6644,619,387,86,195,50,11,10,13
"ssrS",36386,36414,29025,422,590,450,102,63,140
"SPY49_RS08180",26,23,18,0,0,0,0,1,0
"SPY49_RS08185",180,506,765,7,13,1,2,0,4
"SPY49_RS08190",354,1605,1549,22,34,8,5,1,3
"SPY49_RS08200",959,2890,1862,18,63,31,8,3,18
"SPY49_RS08205",3252,2011,1395,100,321,158,35,13,61
"SPY49_RS08210",419,73,70,18,51,19,3,2,3
"SPY49_RS08215",192,72,77,17,36,5,5,2,4
"SPY49_RS08220",170,37,51,14,35,18,1,1,2
"SPY49_RS08225",118,71,110,7,32,10,3,0,1
"SPY49_RS08230",470,1007,680,26,105,52,8,6,17
"SPY49_RS08235",1329,246,193,166,1276,391,73,47,99
"lmb",459,66,49,48,334,118,28,19,23
"SPY49_RS08245",187,24,28,5,4,3,1,0,3
"scpA/B",150,60,52,4,7,2,2,0,2
"enn",43,64,66,0,1,1,0,1,0
"SPY49_RS08260",519,1949,3199,37,46,20,10,4,20
"mrp",32467,23883,24324,355,997,414,104,52,151
"SPY49_RS08270",3786,5516,4917,52,108,43,5,10,15
"SPY49_RS08275",265,175,182,9,10,3,0,0,0
"SPY49_RS08280",4666,1010,756,59,156,42,6,7,6
"SPY49_RS08285",3432,600,491,41,128,30,6,6,7
"SPY49_RS08290",1805,523,447,22,43,12,0,2,9
"SPY49_RS08295",2964,1736,1843,18,38,17,1,2,9
"SPY49_RS08300",1420,221,295,1,7,2,0,0,0
"SPY49_RS08305",3184,362,448,18,17,14,3,0,3
"SPY49_RS08310",4389,2832,3487,18,29,13,3,0,10
"SPY49_RS08315",729,305,272,4,14,3,0,1,1
"SPY49_RS08320",451,84,76,6,14,2,2,0,2
"SPY49_RS08325",254,293,220,14,11,12,2,0,8
"SPY49_RS08330",133,133,89,1,6,5,1,3,1
"prsA_2",9260,8129,5638,67,155,114,36,15,24
"SPY49_RS08340",2563,9841,3324,51,104,254,21,5,23
"speB",6831,38290,16877,85,218,531,61,22,62
"SPY49_RS09635",296,18077,7643,4,18,19,1,2,5
"SPY49_RS08350",1279,15655,12725,24,44,12,5,4,7
"sdaB",3095,4568,1878,102,360,169,31,13,50
"SPY49_RS08360",760,2353,3642,7,22,11,0,0,2
"SPY49_RS08365",626,128,72,24,123,56,11,11,21
"SPY49_RS08370",279,30,24,8,62,21,2,2,9
"SPY49_RS08375",1034,191,171,45,199,90,14,12,36
"SPY49_RS08380",48,10,14,5,46,7,1,2,8
"SPY49_RS08385",2,16,9,0,10,0,1,1,1
"SPY49_RS08390",12,46,25,5,19,3,0,0,1
"SPY49_RS08395",1769,2111,1847,58,139,36,18,6,4
"SPY49_RS08400",1376,1144,974,54,106,35,12,8,15
"SPY49_RS08405",388,183,189,43,110,36,5,1,6
"secE",1000,2774,2288,10,36,11,5,1,9
"rpmG_2",5943,16706,12108,180,261,78,24,13,34
"pbp2a",14623,14122,12638,200,330,192,30,35,81
"SPY49_RS08420",860,743,791,26,19,20,3,4,5
"SPY49_RS08430",8006,8715,8091,56,134,57,11,4,18
"SPY49_RS08435",5388,4208,3712,58,94,44,10,2,7
"SPY49_RS08440",4824,8945,5680,61,127,63,8,12,14
"SPY49_RS08445",43,37,31,4,6,1,1,0,0
"groL",32869,13465,9794,2151,4640,1468,282,352,466
"groES",11433,6579,5579,732,1530,453,100,97,170
"SPY49_RS08460",11960,9398,7477,467,954,271,44,46,65
"SPY49_RS08465",1653,1313,1232,73,132,39,17,15,10
"SPY49_RS08470",24489,65111,29004,103,124,78,10,4,16
"SPY49_RS08475",15,17,13,0,1,0,0,0,0
"SPY49_RS08485",238,638,407,10,26,14,1,0,0
"ahpC",16798,9456,5355,519,1013,735,100,72,108
"ahpF",40249,14246,9003,1405,2858,1813,184,201,184
"SPY49_RS08500",20,18,13,5,8,11,1,0,4
"SPY49_RS08505",23,5,4,14,12,16,2,1,7
"ftcD",2,1,3,2,4,8,2,0,4
"SPY49_RS08515",4,0,1,1,3,2,1,0,0
"SPY49_RS08520",10,0,1,8,12,17,2,1,1
"SPY49_RS08525",2,1,3,2,6,8,0,0,2
"SPY49_RS08530",13,4,4,4,6,4,1,1,2
"hutH",12,4,1,4,12,15,1,0,1
"SPY49_RS08540",309,242,206,15,39,12,1,4,5
"SPY49_RS08545",572,544,411,24,53,13,4,3,5
"rpsB",27772,48604,68693,503,875,329,61,71,122
"SPY49_RS08555",16833,47963,54952,408,729,339,61,53,93
"pepO",8248,6267,4981,110,210,112,14,24,37
"treC",4489,1964,1749,22,52,10,1,3,3
"treP",10898,8127,6729,102,144,31,5,12,17
"treR",281,543,607,6,21,14,1,2,0
"SPY49_RS08580",13,14,12,0,1,0,0,0,0
"SPY49_RS08585",82,52,57,6,7,2,1,0,0
"yaaA_1",1830,697,502,64,139,43,3,6,10
"nrdG",1801,2408,1656,19,28,12,1,2,6
"SPY49_RS08600",1041,1041,642,15,22,8,7,2,0
"SPY49_RS08605",2897,3407,2220,32,50,16,4,2,6
"SPY49_RS09640",274,204,125,3,3,1,0,0,2
"nrdD",6301,11763,7129,94,198,70,15,11,25
"SPY49_RS08615",3289,9819,9613,66,115,31,10,9,2
"SPY49_RS08620",9396,18976,20177,105,161,81,15,11,23
"ruvX",13434,26741,29590,135,206,108,27,23,32
"SPY49_RS08630",10666,19302,19272,92,163,82,8,9,18
"spx",24768,48382,41467,226,340,153,20,16,41
"recA",13339,10244,6957,253,356,141,25,23,38
"SPY49_RS08645",3885,1767,1132,40,92,28,10,3,7
"SPY49_RS08650",1846,882,669,16,42,10,7,1,2
"ruvA",1984,759,499,15,34,6,3,10,4
"SPY49_RS08660",3288,1799,1247,34,50,27,7,8,7
"mutL",6856,3806,2867,67,143,57,7,1,8
"mutS",1943,3337,2847,91,192,55,14,11,25
"SPY49_RS09645",419,1170,792,26,39,13,1,2,6
"argR",406,1150,720,18,63,14,2,4,3
"SPY49_RS08685",17814,9483,6659,265,552,234,54,32,82
"SPY49_RS08690",886,4143,3004,19,36,10,0,2,2
"SPY49_RS08695",1647,1934,1789,54,88,35,12,7,6
"SPY49_RS08700",2454,1591,943,57,145,61,7,6,16
"SPY49_RS08705",2910,1780,1349,70,133,49,9,7,13
"aspS",8639,9564,7581,127,218,90,19,18,38
"SPY49_RS08715",2402,4160,2720,33,54,21,5,10,8
"rpmF",9689,68791,42713,70,115,59,16,7,22
"rpmG_3",7922,53588,35999,48,98,54,11,7,21
"SPY49_RS08735",82,205,270,1,5,1,0,0,1
"cadX",126,181,292,6,9,3,3,0,1
"SPY49_RS08745",256,371,298,5,12,6,3,0,0
"SPY49_RS08750",439,469,456,13,36,9,1,2,3
"SPY49_RS08755",304,622,646,13,18,7,1,2,0
"SPY49_RS09550",83,237,184,4,7,2,0,0,1
"SPY49_RS09650",0,0,0,0,0,0,0,0,0
"SPY49_RS08765",2670,7353,10497,25,41,22,5,3,15
"SPY49_RS08770",362,831,931,7,16,3,0,0,4
"SPY49_RS08775",916,871,772,32,93,23,2,7,4
"SPY49_RS08780",3528,8151,8406,114,261,42,12,12,17
"SPY49_RS08785",8524,11017,12101,301,811,188,26,54,69
"SPY49_RS08790",531,378,292,118,530,119,22,18,26
"SPY49_RS08795",122,438,352,8,9,0,1,2,4
"rpsD",18703,32217,29238,225,430,151,40,28,56
"SPY49_RS08805",2154,624,437,27,47,12,1,2,6
"dnaB",15604,10052,9461,274,439,169,27,32,41
"rplI",4883,2490,2247,58,119,57,7,9,11
"SPY49_RS08820",15353,19501,19357,286,407,177,24,38,48
"mnmG",2927,3553,2863,247,438,185,44,36,23
"SPY49_RS08830",485,625,612,50,69,26,1,3,4
"mnmA",5068,2932,2210,95,221,59,9,13,15
"sdaAB",1279,887,941,21,37,15,3,4,0
"sdaAA",935,526,325,9,30,8,3,1,3
"SPY49_RS08850",8106,9588,8311,170,287,127,16,28,41
"SPY49_RS08855",1559,3375,2771,22,36,17,0,4,9
"SPY49_RS08860",1683,1110,1152,47,36,8,0,1,1
"SPY49_RS08865",6307,7170,8086,73,135,64,8,10,21
"pgsA",2790,3402,4629,43,73,27,0,3,7
"SPY49_RS08875",9630,13783,16629,119,193,76,9,13,25
"SPY49_RS08880",1646,3311,3702,13,30,13,4,2,9
"SPY49_RS08885",1450,3171,2809,15,23,11,0,1,2
"hasA",49,108,126,2,0,3,1,1,1
"hasB",77,127,123,0,3,2,0,0,1
"hasC",102,120,64,5,3,3,2,0,0
"yaaA_2",3601,2386,1596,13,33,4,0,7,4
"recF",5961,4841,3030,44,86,20,2,5,14
"SPY49_RS08915",3942,7447,9139,45,84,30,5,5,8
"guaB",16045,15718,10552,158,362,157,30,21,27
"trpS",1782,1818,1561,46,71,33,10,6,6
"SPY49_RS08930",2665,4870,4583,12,38,21,5,2,5
"SPY49_RS08935",14374,21497,16571,199,291,124,26,26,52
"SPY49_RS08940",3350,11636,8607,72,113,33,13,8,9
"SPY49_RS08945",5,8,4,0,0,0,0,0,0
"SPY49_RS08950",9,27,23,0,0,0,0,0,0
"SPY49_RS08955",486,233,169,22,13,4,1,2,1
"SPY49_RS08960",1,14,21,2,1,0,0,0,0
"rlmH",1045,3699,2243,16,17,9,0,0,3
"SPY49_RS08970",13432,26845,32554,229,334,150,32,26,69
"SPY49_RS08975",2996,3667,5193,79,123,29,8,9,9
