"gene_id","CONTROL.R1...raw.counts","CONTROL.R2...raw.counts","NAC8.R1...raw.counts","NAC8.R2...raw.counts"
"IS492_00005",5375,14904,5812,14781
"IS492_00010",8099,22653,9093,24654
"IS492_00015",2976,9540,2938,9780
"IS492_00020",19074,57316,21215,62401
"IS492_00025",399,1448,518,1247
"IS492_00030",245,651,178,485
"IS492_00035",216,451,266,542
"IS492_00040",3689,12297,7124,13299
"IS492_00045",855,3300,1359,3007
"IS492_00050",108,268,115,243
"IS492_00055",613,1346,579,1280
"IS492_00060",56,134,74,133
"IS492_00065",64,178,83,124
"IS492_00070",46,117,45,94
"IS492_00075",327,828,293,726
"IS492_00080",1586,5346,1477,4589
"IS492_00085",2294,6779,2115,6127
"IS492_00090",1597,4490,1620,4559
"IS492_00095",2585,4527,2737,4827
"IS492_00100",688,2400,627,1863
"IS492_00105",103,218,131,297
"IS492_00110",509,1264,690,1330
"IS492_00115",569,1458,806,1470
"IS492_00120",853,3589,639,2188
"IS492_00125",830,2643,906,2264
"IS492_00130",254,1110,255,837
"IS492_00135",153,547,129,489
"IS492_00140",32,136,38,114
"IS492_00145",60,221,88,229
"IS492_00150",44,117,67,138
"IS492_00155",119,307,146,301
"IS492_00160",175,461,153,414
"IS492_00165",246,747,248,933
"IS492_00170",283,761,260,927
"IS492_00175",193,499,199,528
"IS492_00180",1615,3709,1994,3545
"IS492_00185",1612,4115,1694,3484
"IS492_00190",286,671,329,746
"IS492_00195",150,578,189,658
"IS492_00200",1908,3055,2259,3320
"IS492_00205",83,306,92,237
"IS492_00210",609,1891,684,1795
"IS492_00215",52,76,49,69
"IS492_00220",79,155,73,148
"IS492_00225",22,67,10,36
"IS492_00230",92,144,54,108
"IS492_00235",104,209,79,125
"IS492_00240",24,76,25,52
"IS492_00250",53,188,61,131
"IS492_00255",208,611,223,573
"IS492_00260",316,670,293,653
"IS492_00265",64,185,48,114
"IS492_00270",33,98,35,69
"IS492_00275",238,610,257,582
"IS492_00280",225,422,232,407
"IS492_00285",1586,5122,1940,4503
"IS492_00290",23,33,13,39
"IS492_00295",17,58,27,41
"IS492_00300",59,141,44,99
"IS492_00305",17,50,27,49
"IS492_00315",483,1136,508,982
"IS492_00320",109,287,144,332
"IS492_00325",54,121,52,111
"IS492_00330",71,187,59,155
"IS492_00335",644,1373,765,1762
"IS492_00340",504,1086,560,1099
"IS492_00345",1255,2885,1503,3066
"IS492_00350",842,2211,909,2041
"IS492_00355",577,1420,586,1503
"IS492_00360",610,1779,693,1829
"IS492_00365",593,1656,767,1778
"IS492_00370",413,1089,465,1116
"IS492_00375",8433,23368,10867,25861
"IS492_00380",1786,4480,2285,5277
"IS492_00385",805,2132,1015,2661
"IS492_00390",1151,4522,1538,4680
"IS492_00395",286,1367,290,1394
"IS492_00400",91,484,120,586
"IS492_00405",95,566,132,584
"IS492_00410",461,2789,624,3113
"IS492_00415",141,813,153,901
"IS492_00420",161,764,151,868
"IS492_00425",669,3261,739,3221
"IS492_00430",329,1389,325,1289
"IS492_00435",390,1755,419,1636
"IS492_00440",93,395,109,358
"IS492_00445",1111,3358,1283,3946
"IS492_00450",453,1387,330,980
"IS492_00455",716,3096,822,2961
"IS492_00460",1825,8159,2163,8050
"IS492_00465",1011,4101,964,4192
"IS492_00470",349,1427,332,1329
"IS492_00475",85,500,104,381
"IS492_00480",264,1422,278,1378
"IS492_00485",92,609,109,644
"IS492_00490",684,3384,762,3638
"IS492_00495",384,1749,427,1834
"IS492_00500",119,357,120,356
"IS492_00505",124,473,130,470
"IS492_00510",56,191,53,185
"IS492_00515",941,2808,853,2571
"IS492_00520",59,220,64,227
"IS492_00525",125,532,145,525
"IS492_00530",77,365,98,321
"IS492_00535",118,376,96,363
"IS492_00540",163,620,212,645
"IS492_00545",365,933,363,971
"IS492_00550",12204,26966,14646,31738
"IS492_00555",2572,4094,4928,5894
"IS492_00560",490,539,901,648
"IS492_00565",205,488,163,446
"IS492_00570",127,436,175,374
"IS492_00575",59,138,47,92
"IS492_00580",380,762,262,772
"IS492_00585",78,241,89,277
"IS492_00590",46,99,47,91
"IS492_00595",37,71,46,87
"IS492_00600",74,191,90,233
"IS492_00605",132,325,137,353
"IS492_00610",419,1433,413,1099
"IS492_00615",193,487,185,374
"IS492_00620",108,249,127,270
"IS492_00625",92,277,112,274
"IS492_00630",139,269,162,340
"IS492_00635",2050,7062,1427,5278
"IS492_00640",1031,3010,672,2573
"IS492_00645",1059,3349,861,2820
"IS492_00650",314,719,267,643
"IS492_00655",363,939,428,971
"IS492_00660",93,198,84,149
"IS492_00665",26,75,33,69
"IS492_00670",67,215,83,193
"IS492_00675",200,463,184,623
"IS492_00680",194,588,198,544
"IS492_00685",440,1120,623,1225
"IS492_00690",940,2304,1628,2954
"IS492_00695",163,411,286,582
"IS492_00700",923,1782,1269,2513
"IS492_00705",495,1357,521,1314
"IS492_00710",3705,9889,3578,9558
"IS492_00715",70,149,53,118
"IS492_00720",43,103,40,101
"IS492_00725",77,209,87,221
"IS492_00730",13766,25283,23485,46906
"IS492_00735",2602,7287,4433,11303
"IS492_00740",6488,21912,4995,19323
"IS492_00745",140,395,142,304
"IS492_00750",217,674,268,695
"IS492_00755",183,541,190,582
"IS492_00760",209,557,177,581
"IS492_00765",34,92,35,65
"IS492_00770",170,533,208,475
"IS492_00775",520,1700,560,1696
"IS492_00780",203,466,251,425
"IS492_00785",233,465,326,406
"IS492_00790",192,436,268,306
"IS492_00795",175,473,148,365
"IS492_00800",50,128,63,133
"IS492_00805",71,219,69,150
"IS492_00810",187,444,237,461
"IS492_00815",430,1440,510,1589
"IS492_00820",392,1212,535,1288
"IS492_00825",974,2411,1221,2554
"IS492_00830",386,910,406,847
"IS492_00835",52,86,44,72
"IS492_00840",132,372,145,320
"IS492_00845",179,443,129,388
"IS492_00850",960,2145,505,1118
"IS492_00855",130,537,135,284
"IS492_00860",85,198,67,193
"IS492_00865",165,606,213,530
"IS492_00875",197,455,235,462
"IS492_00880",54,127,57,127
"IS492_00885",41,102,39,125
"IS492_00890",89,192,99,219
"IS492_00895",21,65,18,74
"IS492_00900",4,22,11,33
"IS492_00905",15,59,27,62
"IS492_00910",164,504,172,493
"IS492_00915",25,77,17,63
"IS492_00920",99,333,99,322
"IS492_00925",60,182,43,121
"IS492_00930",131,293,144,361
"IS492_00935",299,920,364,870
"IS492_00940",111,232,139,239
"IS492_00945",204,467,243,501
"IS492_00950",68,163,73,200
"IS492_00955",48,164,85,119
"IS492_00960",82,232,67,191
"IS492_00965",21,64,21,65
"IS492_00970",30,36,30,54
"IS492_00975",50,148,71,177
"IS492_00980",41,88,56,98
"IS492_00985",58,83,52,80
"IS492_00990",110,178,119,196
"IS492_00995",85,147,72,158
"IS492_01000",92,218,109,201
"IS492_01005",2630,11087,3392,9021
"IS492_01010",298,971,454,949
"IS492_01015",2656,8815,3692,8678
"IS492_01020",115,281,88,231
"IS492_01025",172,460,137,413
"IS492_01030",886,2548,645,3102
"IS492_01035",161,205,150,200
"IS492_01040",1291,2560,815,1894
"IS492_01045",686,871,430,656
"IS492_01050",124,188,98,181
"IS492_01055",34,35,11,26
"IS492_01060",113,210,122,183
"IS492_01065",90,172,105,176
"IS492_01070",38,119,39,116
"IS492_01075",148,331,164,348
"IS492_01080",58,86,33,75
"IS492_01085",124,262,147,269
"IS492_01090",117,361,122,241
"IS492_01095",363,866,364,779
"IS492_01100",51,87,51,68
"IS492_01105",57,121,82,115
"IS492_01110",78,166,107,182
"IS492_01115",38,46,38,61
"IS492_01120",59,123,73,116
"IS492_01125",80,203,77,206
"IS492_01130",173,573,171,523
"IS492_01135",65,134,89,159
"IS492_01140",54,104,63,129
"IS492_01145",88,196,131,220
"IS492_01150",248,697,304,800
"IS492_01155",744,2046,920,2528
"IS492_01160",554,1454,673,1546
"IS492_01165",257,505,287,628
"IS492_01170",333,881,452,973
"IS492_01175",24,71,27,52
"IS492_01180",32,53,34,39
"IS492_01185",37,130,42,87
"IS492_01190",30,50,42,60
"IS492_01195",23,82,47,81
"IS492_01200",48,183,63,150
"IS492_01205",77,180,56,184
"IS492_01210",30,66,25,73
"IS492_01215",125,289,133,287
"IS492_01220",106,308,88,212
"IS492_01225",58,159,66,148
"IS492_01230",90,180,124,180
"IS492_01235",422,1337,477,1035
"IS492_01240",59,150,67,127
"IS492_01245",145,448,140,416
"IS492_01250",319,829,364,1095
"IS492_01255",233,503,286,599
"IS492_01260",26,82,31,89
"IS492_01265",15,24,21,18
"IS492_01270",73,193,93,179
"IS492_01275",384,1051,503,1008
"IS492_01280",233,617,235,510
"IS492_01285",167,337,124,315
"IS492_01295",1910,5289,1858,5089
"IS492_01300",1107,2964,1027,2320
"IS492_01305",208,760,133,510
"IS492_01310",274,749,220,545
"IS492_01315",500,967,475,827
"IS492_01320",346,715,322,640
"IS492_01325",387,1017,320,867
"IS492_01330",113,320,101,291
"IS492_01335",2,3,0,1
"IS492_01340",8419,22337,11986,29281
"IS492_01345",11135,23618,15827,30299
"IS492_01350",210,512,254,476
"IS492_01355",236,726,331,704
"IS492_01360",372,987,374,1033
"IS492_01365",400,925,377,964
"IS492_01370",180,495,165,433
"IS492_01375",329,858,341,813
"IS492_01380",33,87,40,95
"IS492_01385",43,108,30,70
"IS492_01390",220,747,199,660
"IS492_01395",271,921,147,961
"IS492_01400",119,430,97,309
"IS492_01405",62,151,65,165
"IS492_01410",335,460,498,709
"IS492_01415",1287,1831,2005,2578
"IS492_01420",794,663,1039,852
"IS492_01425",608,308,604,350
"IS492_01430",939,379,751,291
"IS492_01435",84,169,73,90
"IS492_01440",479,1322,585,1176
"IS492_01445",3043,9406,2299,7119
"IS492_01450",86,205,95,195
"IS492_01455",74,154,81,156
"IS492_01460",313,1066,381,982
"IS492_01465",838,2045,791,2191
"IS492_01470",2234,6134,2339,4928
"IS492_01475",1123,2639,1296,2641
"IS492_01480",149,459,190,353
"IS492_01485",331,1018,278,815
"IS492_01490",725,2689,487,1749
"IS492_01495",3496,9203,3682,10357
"IS492_01500",616,1742,612,1943
"IS492_01505",2018,4300,2575,6250
"IS492_01510",4687,9611,6694,12649
"IS492_01515",4818,12859,5625,13613
"IS492_01520",1584,4080,1809,3766
"IS492_01525",2050,5400,2763,5384
"IS492_01530",1146,2817,1497,2913
"IS492_01535",1651,3064,2165,3527
"IS492_01540",932,2392,1145,2591
"IS492_01545",719,2120,802,2514
"IS492_01550",427,1457,506,1593
"IS492_01555",114,295,126,320
"IS492_01560",892,2103,1292,2439
"IS492_01565",1052,3430,1058,3009
"IS492_01570",409,1037,323,849
"IS492_01575",89,285,63,180
"IS492_01580",624,1414,685,1446
"IS492_01585",945,2227,1075,2287
"IS492_01595",5668,12030,6446,16456
"IS492_01600",3652,9878,4597,8635
"IS492_01605",1569,5058,1935,4354
"IS492_01610",1682,4849,1955,5082
"IS492_01615",922,2235,996,1994
"IS492_01620",528,1005,527,1001
"IS492_01625",113,216,124,225
"IS492_01630",112,245,124,246
"IS492_01635",59,192,59,138
"IS492_01640",61,102,48,77
"IS492_01645",126,334,111,285
"IS492_01650",40,117,37,107
"IS492_01655",336,643,206,510
"IS492_01660",385,1068,411,1037
"IS492_01665",1235,3679,1477,4334
"IS492_01670",3956,9802,4902,13085
"IS492_01675",775,2407,696,1965
"IS492_01680",1117,4012,1239,3024
"IS492_01685",472,1283,601,1445
"IS492_01690",720,1816,882,2053
"IS492_01695",162,475,177,450
"IS492_01700",402,1310,511,1390
"IS492_01705",735,1941,658,1747
"IS492_01710",1560,2912,1676,3077
"IS492_01715",8563,20773,11159,25170
"IS492_01720",699,1343,985,2031
"IS492_01725",346,934,376,856
"IS492_01730",112,360,102,219
"IS492_01735",802,1763,804,1446
"IS492_01740",963,2341,791,1831
"IS492_01745",799,1656,892,1562
"IS492_01750",899,2258,1332,2843
"IS492_01755",461,1407,542,1353
"IS492_01760",18,52,34,34
"IS492_01765",306,540,379,542
"IS492_01770",73,222,93,194
"IS492_01775",55,172,80,175
"IS492_01780",171,427,225,378
"IS492_01785",334,1069,467,1142
"IS492_01790",292,1126,328,784
"IS492_01795",4966,14080,5564,13756
"IS492_01800",1158,3552,1475,3631
"IS492_01805",1160,1832,1415,2433
"IS492_01810",202,818,168,532
"IS492_01815",523,1468,460,1140
"IS492_01820",255,584,357,435
"IS492_01825",895,1844,712,1637
"IS492_01830",240,762,268,603
"IS492_01835",993,3064,1016,2650
"IS492_01840",130,434,152,369
"IS492_01845",499,1261,310,798
"IS492_01850",193,541,189,501
"IS492_01855",90,279,103,258
"IS492_01860",323,1058,418,977
"IS492_01865",443,1100,408,1133
"IS492_01870",528,1381,641,1799
"IS492_01875",707,1920,776,2125
"IS492_01880",769,1956,993,2258
"IS492_01885",1830,4188,2531,5094
"IS492_01890",4340,11607,6552,12378
"IS492_01895",2669,7908,3329,6992
"IS492_01900",2100,6348,2004,5647
"IS492_01905",1545,3834,2041,4203
"IS492_01910",1842,4535,2316,5198
"IS492_01915",8032,18781,7607,18895
"IS492_01920",227,488,246,488
"IS492_01925",193,496,204,481
"IS492_01930",32,119,39,77
"IS492_01935",33,131,41,90
"IS492_01940",1558,3968,2172,3232
"IS492_01945",641,1770,894,1479
"IS492_01950",353,856,384,895
"IS492_01955",86,272,92,215
"IS492_01960",226,617,140,389
"IS492_01965",378,1008,277,641
"IS492_01970",2960,7788,3108,7928
"IS492_01975",1287,4145,1452,4146
"IS492_01980",212,807,284,667
"IS492_01985",444,1594,428,983
"IS492_01990",562,1478,512,1368
"IS492_01995",997,1814,1041,1969
"IS492_02000",1846,4981,1924,4851
"IS492_02005",2856,7249,2874,6538
"IS492_02010",815,2117,652,1546
"IS492_02015",1056,3123,898,2454
"IS492_02020",1105,3077,1022,2618
"IS492_02025",625,1647,599,1391
"IS492_02030",344,778,285,756
"IS492_02035",2653,4691,4462,5487
"IS492_02040",2350,4896,3894,5764
"IS492_02045",4997,15946,5469,15013
"IS492_02050",4454,13980,4230,11723
"IS492_02055",1948,4685,1998,4539
"IS492_02060",763,2142,814,2085
"IS492_02065",988,2577,942,2423
"IS492_02070",260,856,241,663
"IS492_02075",1123,2812,1105,2793
"IS492_02080",1880,4773,1287,3840
"IS492_02085",1125,2744,730,1953
"IS492_02090",1324,3794,896,2952
"IS492_02095",2785,8894,2024,6595
"IS492_02100",523,1578,529,1524
"IS492_02105",6537,16602,7516,17785
"IS492_02110",627,1398,734,1704
"IS492_02115",284,797,344,859
"IS492_02120",259,511,333,591
"IS492_02125",109,274,99,244
"IS492_02130",372,1078,456,978
"IS492_02135",599,1153,966,1439
"IS492_02140",2166,4449,3739,5382
"IS492_02145",1152,3608,1178,2713
"IS492_02150",683,1776,576,1494
"IS492_02155",3628,9629,4781,12032
"IS492_02165",18806,54650,21765,45242
"IS492_02170",67327,174142,90748,183944
"IS492_02175",45647,124303,66329,142981
"IS492_02180",3749,12470,4815,10446
"IS492_02185",1451,3036,1469,3158
"IS492_02190",1277,2617,1625,3281
"IS492_02195",3614,8522,2954,7874
"IS492_03025",659,2983,678,2629
"IS492_03030",336,910,315,713
"IS492_03035",1716,4978,2181,5818
"IS492_03040",6558,18107,7790,19207
"IS492_03045",9521,30004,12080,27689
"IS492_03050",6947,15346,6633,13459
"IS492_03055",3300,7790,2753,6595
"IS492_03060",1697,2893,1368,2394
"IS492_03065",725,1651,619,1437
"IS492_03070",476,1054,490,970
"IS492_03075",267,874,291,798
"IS492_03080",304,791,313,627
"IS492_03085",75,292,92,362
"IS492_03090",141,499,192,557
"IS492_03095",109,433,115,405
"IS492_03100",40,164,48,158
"IS492_03105",261,1001,215,691
"IS492_03110",319,1058,444,801
"IS492_03115",1425,3864,1212,2684
"IS492_03120",110,205,185,281
"IS492_03125",658,1654,827,2023
"IS492_03130",19,74,29,59
"IS492_03135",58,90,53,108
"IS492_03140",15,25,22,42
"IS492_03145",107,248,100,287
"IS492_03150",106,189,90,197
"IS492_03155",16,61,33,37
"IS492_03160",101,310,135,334
"IS492_03165",113,216,159,265
"IS492_03170",528,1349,621,1395
"IS492_03175",158,432,174,484
"IS492_03180",312,864,413,1046
"IS492_03185",153,407,236,486
"IS492_03190",100,287,138,336
"IS492_03195",402,900,579,1071
"IS492_03200",122,312,186,371
"IS492_03205",32,59,32,66
"IS492_03210",88,230,127,262
"IS492_03215",27,124,46,136
"IS492_03220",80,185,66,203
"IS492_03225",38,102,34,94
"IS492_03230",1267,3407,868,2322
"IS492_03235",1828,5367,1771,4155
"IS492_03240",1783,3543,1799,3168
"IS492_03245",1093,3233,988,2863
"IS492_03250",118,270,123,258
"IS492_03255",257,1171,333,831
"IS492_03260",1712,3959,1576,3790
"IS492_03265",200,559,174,565
"IS492_03270",769,1930,777,1909
"IS492_03275",890,2135,762,1831
"IS492_03280",665,1938,824,1747
"IS492_03285",1269,3829,1632,4026
"IS492_03290",254,794,236,731
"IS492_03295",1201,3497,1514,3093
"IS492_03300",693,1559,1200,1647
"IS492_03305",550,1122,776,1313
"IS492_03310",649,1195,702,1533
"IS492_03315",1282,3489,1650,3673
"IS492_03320",2092,7602,2462,6627
"IS492_03325",1365,3748,1339,2918
"IS492_03330",253,393,114,294
"IS492_03335",3,1,3,4
"IS492_03340",11,50,11,28
"IS492_03345",2151,1482,2260,785
"IS492_03350",2,2,8,1
"IS492_03355",1855,2751,1289,2468
"IS492_03360",967,1247,624,1202
"IS492_03365",771,1737,803,1865
"IS492_03370",1141,2902,1255,3362
"IS492_03375",827,2531,974,2908
"IS492_03380",1372,3365,1148,3149
"IS492_03385",516,1225,466,1116
"IS492_03390",692,2167,535,1677
"IS492_03395",382,585,225,450
"IS492_03400",586,1019,446,1015
"IS492_03405",265,622,290,655
"IS492_03410",559,1435,489,1179
"IS492_03415",249,559,246,521
"IS492_03420",375,1008,402,1095
"IS492_03425",258,674,213,661
"IS492_03430",100,293,95,310
"IS492_03435",95,303,99,312
"IS492_03440",27,40,18,42
"IS492_03445",5,12,3,7
"IS492_03450",41,125,51,80
"IS492_03455",1775,4700,1702,3943
"IS492_03460",695,1448,811,1377
"IS492_03465",761,1752,620,1667
"IS492_03470",10068,26488,11652,28519
"IS492_03475",2719,7513,3389,8155
"IS492_03480",1707,4842,1748,4284
"IS492_03485",534,1432,666,1507
"IS492_03490",458,1172,640,1440
"IS492_03495",281,812,354,969
"IS492_03500",1675,4282,2259,5286
"IS492_03505",3229,6762,4358,9965
"IS492_03510",992,2141,1163,2075
"IS492_04355",5967,17951,8969,15467
"IS492_04360",15862,79908,14441,79567
"IS492_04365",20452,100954,17637,98898
"IS492_04370",53849,215047,44356,211788
"IS492_04375",57908,170466,51999,182102
"IS492_04380",378,1027,343,917
"IS492_04385",232,628,243,521
"IS492_04390",708,1722,646,1540
"IS492_04395",958,2809,981,2713
"IS492_04400",1149,2805,1401,3393
"IS492_04405",1299,3913,1848,4268
"IS492_04410",1805,5051,2601,5142
"IS492_04415",1417,4535,1932,4447
"IS492_04420",1226,4887,1525,4286
"IS492_04425",1,6,4,5
"IS492_04430",134,427,154,372
"IS492_04435",216,591,233,537
"IS492_04440",194,587,191,488
"IS492_04445",40,88,30,63
"IS492_04450",232,691,280,614
"IS492_04455",347,1022,324,918
"IS492_04460",530,1476,516,1278
"IS492_04465",3190,8152,2927,8111
"IS492_04470",1773,6058,1612,4666
"IS492_04475",307,753,252,608
"IS492_04480",954,2138,890,2140
"IS492_04485",767,1130,720,986
"IS492_04490",29,105,42,120
"IS492_04495",40,158,33,111
"IS492_04500",52,126,48,135
"IS492_04505",38,109,52,104
"IS492_04510",74,174,70,142
"IS492_04515",18,40,12,43
"IS492_04520",28,76,40,96
"IS492_04525",346,918,255,701
"IS492_04530",16,42,13,43
"IS492_04535",354,702,491,763
"IS492_04540",1052,1445,931,1398
"IS492_04545",201,492,147,394
"IS492_04555",63,225,56,191
"IS492_04560",5,18,4,13
"IS492_04565",38,38,43,50
"IS492_04570",135,255,193,283
"IS492_04575",165,292,148,323
"IS492_04580",133,441,136,412
"IS492_04585",38,52,26,55
"IS492_04600",456,1523,718,1437
"IS492_04605",68,185,68,137
"IS492_04610",4,6,1,3
"IS492_04615",2779,5707,3438,7296
"IS492_04620",427,1257,618,1443
"IS492_04625",1784,4306,2370,5051
"IS492_04630",2703,7525,3616,7123
"IS492_04635",284,776,327,745
"IS492_04640",40,100,44,61
"IS492_04645",25,85,15,66
"IS492_04650",599,1870,511,1495
"IS492_04655",1178,2901,1308,2649
"IS492_04660",236,622,213,559
"IS492_04665",832,2249,887,2100
"IS492_04670",1044,2685,1279,2754
"IS492_04675",84,250,77,201
"IS492_04680",57,172,82,156
"IS492_04685",138,379,171,406
"IS492_04690",333,1113,365,919
"IS492_04695",1013,2603,1319,3060
"IS492_04700",4088,11215,4984,10762
"IS492_04705",701,1889,653,1477
"IS492_04710",187,357,408,627
"IS492_04715",4838,15007,6394,16121
"IS492_04720",288,1054,162,609
"IS492_04725",313,795,245,586
"IS492_04730",2102,4880,2567,5630
"IS492_04735",580,1752,654,1418
"IS492_05125",279,1268,381,1131
"IS492_05130",309,824,382,620
"IS492_05135",953,2113,901,1717
"IS492_05140",5298,13384,7315,13543
"IS492_05145",1751,5322,1589,4400
"IS492_05150",1630,4077,1480,3642
"IS492_05155",399,1336,360,1202
"IS492_05160",188,800,198,718
"IS492_05165",224,835,200,770
"IS492_05170",1412,4777,1299,4432
"IS492_05175",786,1823,571,1619
"IS492_05180",2652,7445,3007,7189
"IS492_05185",6928,20859,8070,20386
"IS492_05190",1626,5349,2254,5497
"IS492_05195",999,2875,1389,3524
"IS492_05200",342,1504,460,922
"IS492_05205",63,123,53,107
"IS492_05210",16,70,31,74
"IS492_05215",43,112,46,112
"IS492_05220",110,346,140,431
"IS492_05225",341,799,336,847
"IS492_05230",2175,6135,1476,5383
"IS492_05235",7952,22991,6045,19987
"IS492_05240",268,872,212,601
"IS492_05245",1185,3987,981,2566
"IS492_05250",119,186,95,151
"IS492_05255",377,756,415,799
"IS492_05260",1301,3621,1649,3214
"IS492_05265",462,1429,502,1210
"IS492_05270",352,1107,218,752
"IS492_05275",1071,2646,1274,2541
"IS492_05280",1787,4003,2283,4494
"IS492_05285",1784,5867,2014,5517
"IS492_05290",16574,43281,22969,48007
"IS492_05295",29066,79943,39634,92571
"IS492_05300",3597,9151,3914,9368
"IS492_05305",3899,10280,4182,9110
"IS492_05310",1741,4934,1661,4188
"IS492_05315",1310,3442,1359,3094
"IS492_05320",1668,4620,1900,4821
"IS492_05325",796,2341,901,2446
"IS492_05330",895,2169,894,2192
"IS492_05335",666,1653,824,1850
"IS492_05340",1010,2760,1251,3003
"IS492_05345",4069,12592,5015,12721
"IS492_05350",2601,7088,3484,7771
"IS492_05355",1206,3288,1513,3566
"IS492_05360",692,1906,768,1951
"IS492_05365",980,2164,1156,2379
"IS492_05370",1464,3878,1503,3944
"IS492_05375",670,1938,608,1691
"IS492_05380",470,1427,372,1033
"IS492_05385",1360,3747,1161,2793
"IS492_05390",4309,10953,3732,9560
"IS492_05395",1132,4116,933,3734
"IS492_05400",117,297,111,246
"IS492_05405",160,468,200,400
"IS492_05410",676,2024,698,1589
"IS492_05415",785,2437,1124,2631
"IS492_05420",924,2882,1029,2750
"IS492_05425",44,66,51,80
"IS492_05430",170,429,162,418
"IS492_05435",410,999,494,992
"IS492_05440",213,480,207,450
"IS492_05445",447,1037,581,1055
"IS492_05450",42,126,60,99
"IS492_05455",235,618,218,593
"IS492_05460",284,803,324,722
"IS492_05465",85,265,108,232
"IS492_05470",146,335,123,324
"IS492_05475",30,119,27,86
"IS492_05480",31,75,28,60
"IS492_05485",50,142,64,139
"IS492_05490",107,255,102,233
"IS492_05495",110,287,144,283
"IS492_05500",392,976,436,951
"IS492_05505",248,546,290,549
"IS492_05510",909,3217,1185,2552
"IS492_05515",4338,9971,6332,11411
"IS492_05520",1677,3986,1768,3508
"IS492_05525",3286,5928,2783,5137
"IS492_05530",1352,3144,1266,2673
"IS492_05535",709,1865,602,1382
"IS492_05540",479,1414,400,1017
"IS492_05545",3610,9414,4290,9223
"IS492_05550",1604,3951,2003,4265
"IS492_05555",401,864,434,952
"IS492_05560",4393,10650,5235,11702
"IS492_05565",647,1559,506,1128
"IS492_05570",242,443,269,387
"IS492_05575",1064,3380,851,2535
"IS492_05580",1034,3104,875,2557
"IS492_05585",1742,5614,1984,5405
"IS492_05590",2873,8706,2908,8119
"IS492_05595",1249,3573,1592,3473
"IS492_05600",531,1566,580,1304
"IS492_05605",731,2497,674,2238
"IS492_05610",547,1313,385,1053
"IS492_05615",582,1835,647,1790
"IS492_05620",731,2183,710,1973
"IS492_05625",1293,2948,1304,3283
"IS492_05630",2309,5747,2453,6176
"IS492_05635",1561,4455,1784,4711
"IS492_05640",457,1080,574,1137
"IS492_05645",1362,4395,1830,4429
"IS492_05650",2730,7750,3341,8351
"IS492_05655",1189,2946,979,2438
"IS492_05660",1671,4517,1560,4050
"IS492_05665",10041,23053,8505,21596
"IS492_05670",5670,15167,5224,13865
"IS492_05675",6100,15857,6712,16975
"IS492_05680",34,114,34,83
"IS492_05685",1261,3555,1337,3116
"IS492_05690",3275,9252,4281,9963
"IS492_05695",17,82,11,38
"IS492_05700",14,18,9,10
"IS492_05705",16238,42739,13736,38807
"IS492_05710",448,1318,348,937
"IS492_06645",17588,48714,16305,45651
"IS492_06650",1694,3917,1524,3767
"IS492_06655",5189,12666,6418,13329
"IS492_06660",2857,6524,3060,5656
"IS492_06665",629,1438,625,1166
"IS492_06670",67,61,56,29
"IS492_06675",24,140,25,123
"IS492_06680",254,1033,151,646
"IS492_06685",5893,14695,7739,12140
"IS492_06690",23687,52864,33188,60343
"IS492_06695",482,1825,708,2135
"IS492_06700",1950,4878,2107,5177
"IS492_06705",584,2028,790,2397
"IS492_06710",25484,66301,34924,79604
"IS492_06715",131,205,232,950
"IS492_06720",231,221,428,932
"IS492_06725",606,1667,517,1670
"IS492_06730",677,2060,809,2595
"IS492_06735",3219,10066,4363,10214
"IS492_06740",466,1441,470,1256
"IS492_06745",1469,3872,1885,4437
"IS492_06750",2876,8752,3283,8498
"IS492_06755",231,549,254,501
"IS492_06760",668,2186,1002,2094
"IS492_06765",530,1844,636,1559
"IS492_06770",376,1059,530,1027
"IS492_06775",1686,5844,1582,4694
"IS492_06780",4910,13180,4447,11925
"IS492_06790",15,22,12,36
"IS492_06795",297,800,375,800
"IS492_06800",824,1799,745,1406
"IS492_06805",952,2896,947,2660
"IS492_06810",1032,2309,1488,2886
"IS492_06815",577,1755,849,1539
"IS492_06820",224,960,308,628
"IS492_06825",390,1088,379,902
"IS492_06830",841,2441,824,2190
"IS492_06835",352,1086,368,989
"IS492_06840",1100,3453,1682,3726
"IS492_06845",342,1054,340,1165
"IS492_06850",257,574,212,489
"IS492_06855",373,828,314,707
"IS492_06860",211,571,174,559
"IS492_06865",774,1100,1637,1051
"IS492_06870",452,455,871,381
"IS492_06875",1260,1261,2222,1168
"IS492_06880",525,661,711,618
"IS492_06885",513,772,570,734
"IS492_06890",431,758,549,729
"IS492_06895",194,549,172,464
"IS492_06900",94,261,88,295
"IS492_06905",304,666,422,898
"IS492_06910",1954,7139,2524,6901
"IS492_06915",1813,5995,2156,5049
"IS492_06920",1541,4624,1983,5169
"IS492_06925",777,1528,822,1618
"IS492_06930",149,299,169,243
"IS492_06935",2,6,1,10
"IS492_06940",2833,9268,3869,8129
"IS492_06945",1023,2822,1754,3002
"IS492_06950",6991,15546,10740,19398
"IS492_06955",1182,3254,959,2730
"IS492_06960",660,1734,746,1733
"IS492_06965",374,792,387,916
"IS492_06970",244,339,115,319
"IS492_06975",2,1,2,3
"IS492_06980",14,51,12,32
"IS492_06985",2231,1512,2320,834
"IS492_06990",3,1,3,0
"IS492_06995",275,663,165,506
"IS492_07000",225,656,203,376
"IS492_07005",1203,2789,1126,2593
"IS492_07010",942,1889,1184,2046
"IS492_07015",1756,3814,2222,3851
"IS492_07020",6148,15754,10118,18445
"IS492_07025",467,1351,807,1221
"IS492_07030",556,2422,777,1691
"IS492_07035",180,429,80,309
"IS492_07040",105,308,81,237
"IS492_07045",73,267,96,243
"IS492_07050",15,89,24,62
"IS492_07055",422,1255,295,898
"IS492_07060",87,360,79,199
"IS492_07065",106,248,92,190
"IS492_07070",347,789,377,598
"IS492_07075",319,651,595,592
"IS492_07080",134,206,126,188
"IS492_07085",601,1268,641,1701
"IS492_07090",0,4,1,3
"IS492_07095",1087,2853,1410,2824
"IS492_07100",385,991,622,1080
"IS492_07105",6834,15480,9437,17284
"IS492_07110",1488,5976,1272,3637
"IS492_07115",64,204,38,113
"IS492_07120",115,254,109,276
"IS492_07570",104,215,102,208
"IS492_07575",177,410,181,353
"IS492_07580",145,299,126,234
"IS492_07585",0,5,1,3
"IS492_07590",252,680,307,697
"IS492_07595",250,702,310,820
"IS492_07600",2065,6501,2723,6350
"IS492_07605",7900,18203,10540,22951
"IS492_07610",1563,4301,1336,4405
"IS492_07615",6404,17221,7015,17747
"IS492_07620",984,2590,988,2872
"IS492_07625",212,450,129,359
"IS492_07630",89,239,85,206
"IS492_07635",926,2332,1137,2193
"IS492_07640",4878,20661,3967,18749
"IS492_07645",21,24,15,17
"IS492_07650",666,1877,479,1201
"IS492_07655",865,2586,1133,1990
"IS492_07660",1209,4557,1633,4342
"IS492_07665",2250,6088,2519,6074
"IS492_07670",3359,8221,4056,8525
"IS492_07675",705,1364,895,1374
"IS492_07680",292,727,216,435
"IS492_07685",185,593,206,399
"IS492_07690",449,1309,386,1002
"IS492_07695",7815,24806,11520,26945
"IS492_07700",1276,3357,1794,4161
"IS492_07705",1331,3490,1573,3971
"IS492_07710",1665,4112,1554,3630
"IS492_07715",298,679,398,767
"IS492_07720",287,591,362,810
"IS492_07725",1675,5074,2064,6144
"IS492_07730",332,1023,421,1165
"IS492_07735",283,768,389,1114
"IS492_07740",195,696,299,1079
"IS492_07745",136,468,170,642
"IS492_07750",14,34,24,42
"IS492_07755",466,1115,506,854
"IS492_07760",815,2252,1034,2633
"IS492_07765",396,1273,407,1237
"IS492_07770",44,107,43,90
"IS492_07775",481,1550,369,949
"IS492_07780",758,2657,701,1921
"IS492_07785",535,1756,661,1672
"IS492_07790",30191,59842,31467,65111
"IS492_07795",12,17,19,23
"IS492_07800",16,63,5,40
"IS492_07805",10,28,7,21
"IS492_07810",150,409,108,289
"IS492_07815",188,476,135,334
"IS492_07820",1379,3660,1343,3493
"IS492_07825",58,148,51,158
"IS492_07830",339,682,294,590
"IS492_07835",478,904,459,966
"IS492_07840",113,207,113,209
"IS492_07845",251,542,308,713
"IS492_07850",250,653,235,525
"IS492_07855",46,117,41,110
"IS492_07860",85,187,69,200
"IS492_07865",149,390,128,297
"IS492_07870",26,19,10,22
"IS492_07875",11,32,20,34
"IS492_07880",134,333,97,275
"IS492_07885",17,49,19,37
"IS492_07890",361,878,353,722
"IS492_07895",25,78,33,69
"IS492_07900",53,188,67,137
"IS492_07905",83,260,79,226
"IS492_07910",24,79,19,49
"IS492_07915",26,84,26,77
"IS492_07920",25,51,14,52
"IS492_07925",5,4,5,4
"IS492_07930",29,63,21,32
"IS492_07935",32,81,14,41
"IS492_07940",172,197,138,169
"IS492_07945",3937,8416,2946,7480
"IS492_07950",346,934,229,690
"IS492_07955",259,567,183,510
"IS492_07960",191,473,146,430
"IS492_07965",235,547,156,396
"IS492_07970",6,28,5,23
"IS492_07975",18,32,12,23
"IS492_07980",33,91,26,71
"IS492_07985",60,234,70,221
"IS492_07990",32,115,40,82
"IS492_07995",7,38,6,27
"IS492_08000",531,1234,552,1471
"IS492_08005",215,885,202,775
"IS492_08010",42,133,53,139
"IS492_08015",27,82,26,61
"IS492_08020",75,96,53,83
"IS492_08025",53,108,39,80
"IS492_08030",15,39,19,28
"IS492_08035",65,222,52,215
"IS492_08040",29,123,42,98
"IS492_08045",95,181,78,192
"IS492_08050",60,151,34,154
"IS492_08055",20,62,18,95
"IS492_08060",62,170,59,170
"IS492_08065",14,57,19,57
"IS492_08070",137,446,156,461
"IS492_08075",110,290,119,328
"IS492_08080",189,536,159,421
"IS492_08085",87,233,67,187
"IS492_08090",39,53,36,82
"IS492_08095",41,87,38,83
"IS492_08100",84,282,97,233
"IS492_08105",26,76,26,61
"IS492_08110",28,77,28,65
"IS492_08115",91,238,83,219
"IS492_08120",77,166,77,151
"IS492_08125",471,981,610,1128
"IS492_08130",1113,1885,1233,2237
"IS492_08135",822,1701,924,1939
"IS492_08140",238,570,166,411
"IS492_08145",446,1462,371,1031
"IS492_08150",371,2035,230,1284
"IS492_08155",93,243,98,198
"IS492_08160",13,25,12,14
"IS492_08165",11,44,11,33
"IS492_08170",138,316,148,316
"IS492_08175",98,303,124,308
"IS492_08180",40,93,36,88
"IS492_08185",56,129,53,125
"IS492_08190",24,63,8,55
"IS492_08195",101,292,108,206
"IS492_08200",106,299,96,263
"IS492_08205",355,727,338,780
"IS492_08210",16,42,14,31
"IS492_08215",67,175,101,168
"IS492_08220",133,425,171,358
"IS492_08225",14,52,18,54
"IS492_08230",11,30,19,23
"IS492_08235",27,76,18,73
"IS492_08240",35,118,49,140
"IS492_08245",12,15,15,28
"IS492_08250",92,165,125,176
"IS492_08255",118,321,108,278
"IS492_08260",7,12,11,20
"IS492_08265",7,57,12,55
"IS492_08270",22,80,27,85
"IS492_08275",17,54,34,65
"IS492_08280",10,48,12,34
"IS492_08285",14,42,12,40
"IS492_08290",18,57,16,46
"IS492_08295",27,41,9,38
"IS492_08300",2,3,3,5
"IS492_08305",419,940,528,956
"IS492_08310",41,81,47,71
"IS492_08315",570,1721,626,1883
"IS492_08320",1906,5612,2357,6263
"IS492_08325",105,251,124,278
"IS492_08330",582,1631,695,1895
"IS492_08335",562,1806,746,2130
"IS492_08340",339,417,317,429
"IS492_08345",497,1379,491,1312
"IS492_08350",730,1921,777,1896
"IS492_08355",205,639,212,682
"IS492_08360",229,559,171,469
"IS492_08365",916,2716,696,2288
"IS492_08370",1567,3835,1042,2673
"IS492_08375",5226,12626,4806,11368
"IS492_08380",1645,5451,1399,3769
"IS492_08385",3606,8453,3057,7178
"IS492_08390",140,392,116,307
"IS492_08395",2,12,3,8
"IS492_08400",498,1247,486,1118
"IS492_08405",7510,19195,6774,16886
"IS492_08410",155,457,135,384
"IS492_08415",437,1086,417,1073
"IS492_08420",99,369,123,284
"IS492_08425",821,2034,937,1398
"IS492_08430",120,236,157,251
"IS492_08435",521,1328,629,1345
"IS492_08440",290,605,371,604
"IS492_08445",187,388,184,342
"IS492_08450",1815,3628,3630,2532
"IS492_08455",502,821,744,699
"IS492_08460",164,476,119,304
"IS492_08465",408,1410,363,1266
"IS492_08470",358,975,338,896
"IS492_08475",276,703,291,692
"IS492_08480",113,255,89,264
"IS492_08485",1678,4342,1270,4090
"IS492_08490",832,2413,895,2494
"IS492_08495",599,1894,743,1969
"IS492_08500",372,1157,375,1031
"IS492_08505",478,1352,423,1168
"IS492_08510",633,1854,648,1650
"IS492_08515",251,494,276,481
"IS492_08520",513,1593,661,1413
"IS492_08525",344,793,281,628
"IS492_08530",212,733,287,717
"IS492_08535",379,1110,356,1066
"IS492_08540",808,2559,837,2338
"IS492_08545",1742,5123,1524,5170
"IS492_08550",2045,6989,1714,6205
"IS492_08555",3229,8179,2540,8375
"IS492_08560",501,1577,492,1453
"IS492_08565",1188,3255,1265,3425
"IS492_08570",293,817,292,870
"IS492_08575",1442,5413,1589,5208
"IS492_08580",300,1018,336,1012
"IS492_08585",244,705,258,819
"IS492_08590",358,886,382,849
"IS492_08595",307,750,367,743
"IS492_08600",190,447,232,499
"IS492_08605",3065,7372,4921,8692
"IS492_08610",1724,5650,2481,5242
"IS492_08615",279,715,336,700
"IS492_08620",1618,6409,1717,4174
"IS492_08625",961,2782,1500,2199
"IS492_08630",351,910,563,965
"IS492_08635",510,1168,706,1327
"IS492_08640",2148,4682,2294,4634
"IS492_08645",2001,5781,2309,5921
"IS492_08650",2102,4789,2272,5208
"IS492_08655",2273,6122,2292,6030
"IS492_08660",632,1845,628,1671
"IS492_08665",1473,3924,1562,3794
"IS492_08670",14,18,25,20
"IS492_08675",1018,891,1645,956
"IS492_08680",330,203,601,222
"IS492_08685",722,444,1106,506
"IS492_08690",535,512,656,488
"IS492_08695",485,1731,483,1695
"IS492_08700",9026,24392,9805,27051
"IS492_08705",9054,20901,9928,22979
"IS492_08710",6407,17000,7141,19069
"IS492_08715",1702,5363,1406,4145
"IS492_08720",2624,8929,3055,9089
"IS492_08725",2481,6856,2719,7020
"IS492_08730",770,2384,972,2320
"IS492_08735",1250,3583,1350,3508
"IS492_08740",2152,6336,1879,5214
"IS492_08745",1673,4178,1376,3606
"IS492_08750",942,2715,988,2468
"IS492_08755",1137,2622,1338,2771
"IS492_08760",3224,7313,3996,8061
"IS492_08765",684,1555,651,1605
"IS492_08770",282,998,204,713
"IS492_08775",3480,11512,3816,9139
"IS492_08780",1597,4780,2139,4394
"IS492_08785",1753,4946,2370,4745
"IS492_08790",1784,4530,2796,5355
"IS492_08795",629,1842,566,1438
"IS492_08800",366,977,435,966
"IS492_08805",462,1547,487,1308
"IS492_08810",516,969,646,695
"IS492_08815",3099,3573,6866,4581
"IS492_08820",966,2743,878,2764
"IS492_08825",437,1443,432,1332
"IS492_08830",2163,6106,2102,5086
"IS492_08835",233,1025,202,574
"IS492_08840",97,207,96,162
"IS492_08845",202,555,159,425
"IS492_08850",809,2238,670,1847
"IS492_08855",1004,2856,1140,2895
"IS492_08860",1848,6276,2441,4825
"IS492_08865",3538,11675,4827,9870
"IS492_08870",2127,8033,1902,6221
"IS492_08875",5350,20729,7337,19692
"IS492_08880",4758,13059,7078,15039
"IS492_08885",726,1829,1055,2061
"IS492_08890",729,1975,819,2193
"IS492_08895",1766,4701,2150,4991
"IS492_08900",1707,4370,1832,4117
"IS492_08905",430,1178,582,1360
"IS492_08910",2565,8484,2857,7162
"IS492_08915",1020,2848,1135,3499
"IS492_10380",342,1212,497,1105
"IS492_10385",84,352,92,223
"IS492_10390",33,123,23,76
"IS492_10395",230,653,291,650
"IS492_10400",325,692,379,757
"IS492_10405",12781,22671,12116,24014
"IS492_10410",306,827,549,1254
"IS492_10415",168,389,1501,4863
"IS492_10420",16925,34767,30938,37982
"IS492_10425",12540,25066,17681,30324
"IS492_10430",289,711,274,717
"IS492_10435",10,27,15,28
"IS492_10440",3,10,6,22
"IS492_10445",325,1120,340,939
"IS492_10450",617,1718,647,1562
"IS492_10455",75,226,82,163
"IS492_10460",1172,3797,1891,3516
"IS492_10465",105,245,168,227
"IS492_10470",494,681,613,907
"IS492_10475",1727,2573,2476,3170
"IS492_10480",1713,3029,2125,3483
"IS492_10485",5346,10741,7466,13696
"IS492_10490",4188,6803,5875,9386
"IS492_10495",2246,4780,2752,5456
"IS492_10500",392,702,174,486
"IS492_10505",163,320,232,468
"IS492_10510",660,2150,831,2029
"IS492_10515",32,71,30,42
"IS492_10520",356,699,620,654
"IS492_10525",270,396,565,516
"IS492_10530",539,849,908,1206
"IS492_10535",733,1157,781,1235
"IS492_10540",1329,2625,1209,2583
"IS492_10545",37,83,13,78
"IS492_10550",254,665,386,906
"IS492_10555",152,375,187,391
"IS492_10560",108,293,99,325
"IS492_10565",137,333,124,335
"IS492_10570",37,88,39,115
"IS492_10575",54,130,59,126
"IS492_10580",148,556,200,472
"IS492_10585",59,169,61,136
"IS492_10590",801,2561,914,2761
"IS492_10595",417,1151,367,1113
"IS492_10600",55,162,81,231
"IS492_10605",66,167,78,188
"IS492_10610",14,33,16,46
"IS492_10615",135,296,101,218
"IS492_10620",240,503,165,385
"IS492_10625",479,1267,400,1107
"IS492_10630",116,353,86,221
"IS492_10635",89,234,76,161
"IS492_10640",12,15,8,16
"IS492_10645",22,66,19,41
"IS492_10650",126729,1022156,143801,1108513
"IS492_10655",98,285,81,212
"IS492_10660",34,55,24,53
"IS492_10665",81,297,63,232
"IS492_10670",760,3212,785,3537
"IS492_10675",269,743,299,681
"IS492_10680",152,455,189,395
"IS492_10685",3738,8489,5101,8585
"IS492_10690",537,1883,426,1386
"IS492_10695",11130,38561,8257,33251
"IS492_10700",9380,29663,8385,28682
"IS492_10705",158,395,166,446
"IS492_10710",2107,4971,1465,4602
"IS492_10715",1661,5228,1554,4876
"IS492_10720",281,772,115,557
"IS492_10725",1889,4986,930,3918
"IS492_10730",180,621,130,459
"IS492_10735",105,280,96,251
"IS492_10740",138,251,123,226
"IS492_10745",63,194,44,132
"IS492_10750",250,712,171,477
"IS492_10755",351,921,290,746
"IS492_10760",255,688,215,606
"IS492_10765",113,323,522,1269
"IS492_10770",271,516,490,950
"IS492_10775",148,355,117,403
"IS492_10780",391,1258,354,954
"IS492_10785",197,536,296,652
"IS492_10790",4097,6591,5637,8090
"IS492_10795",9519,24723,12889,29260
"IS492_10800",94,283,87,239
"IS492_10805",2446,4299,2164,3792
"IS492_10810",2022,4735,2039,4453
"IS492_10815",623,1405,810,1326
"IS492_10820",369,1053,457,983
"IS492_10825",435,1290,448,1088
"IS492_10835",1363,3840,1397,4321
"IS492_10840",689,1790,860,2298
"IS492_10845",93,108,125,161
"IS492_10850",196,381,246,391
"IS492_10855",10424,26121,18078,36672
"IS492_10860",969,1859,1311,2188
"IS492_10865",434,767,514,899
"IS492_10870",629,1699,641,1967
"IS492_10875",1494,5004,1283,4021
"IS492_10880",35221,91671,36560,94898
"IS492_10885",11582,21608,13381,25387
"IS492_10890",17084,41892,23457,56499
"IS492_10895",633,1962,737,2344
"IS492_10900",151,287,132,255
"IS492_10905",101,239,98,247
"IS492_10910",562,1652,398,1272
"IS492_10915",296,884,262,932
"IS492_10920",194,242,222,401
"IS492_10925",298,608,366,726
"IS492_10930",68,139,56,141
"IS492_10935",169,353,165,436
"IS492_10940",133,293,190,316
"IS492_10945",116,213,129,231
"IS492_10950",99,224,92,243
"IS492_10955",40,71,38,82
"IS492_10960",85,178,66,165
"IS492_10965",11360,28081,12255,29543
"IS492_10970",2038,5186,1566,3231
"IS492_10975",514,1772,414,1004
"IS492_10980",525,1668,515,1158
"IS492_10985",865,2603,1069,2623
"IS492_10990",1016,2408,1097,2539
"IS492_10995",1163,2958,1234,3108
"IS492_11000",155,373,199,455
"IS492_11005",4964,14193,5065,12148
"IS492_11010",1705,5090,1859,4823
"IS492_11015",1885,5366,2160,5235
"IS492_11020",3013,8126,3380,7913
"IS492_11025",3627,8756,4194,9561
"IS492_11030",1049,2606,1216,2572
"IS492_11035",2176,5427,2424,5127
"IS492_11040",249,926,207,636
"IS492_11045",2822,9981,4863,8723
"IS492_11050",3210,9062,4659,10397
"IS492_11055",298,360,304,301
"IS492_11060",55,73,36,67
"IS492_11065",67,148,35,153
"IS492_11070",54,166,33,134
"IS492_11075",125,384,115,317
"IS492_11080",154,347,154,295
"IS492_11085",10,29,9,31
"IS492_11090",20,43,16,30
"IS492_11095",46,131,57,81
"IS492_11100",85,249,65,215
"IS492_11105",17,30,14,48
"IS492_11110",1395,3094,1416,2965
"IS492_11115",30,113,37,108
"IS492_11120",15,61,16,41
"IS492_11125",169,747,139,370
"IS492_11130",345,1107,346,1030
"IS492_11135",226,614,170,669
"IS492_11140",553,1670,701,1868
"IS492_11145",616,1549,666,1643
"IS492_11150",136,287,170,320
"IS492_11155",140,240,128,279
"IS492_11160",3,10,6,5
"IS492_11165",300,752,295,663
"IS492_11170",204,472,243,401
"IS492_11175",307,626,338,678
"IS492_11180",252,681,300,622
"IS492_11185",429,1587,543,1745
"IS492_11190",1087,3529,1348,3292
"IS492_11195",344,495,356,458
"IS492_11200",388,596,499,638
"IS492_11205",557,757,1124,591
"IS492_11210",1040,3291,876,2537
"IS492_11215",1592,4220,1921,4065
"IS492_11220",5680,15499,7741,18129
"IS492_11225",667,1175,780,1222
"IS492_11230",1141,3181,770,2234
"IS492_11235",130,348,121,246
"IS492_11240",269,743,248,594
"IS492_11245",17,59,41,35
"IS492_11250",55,167,67,154
"IS492_11255",155,272,158,267
"IS492_11260",27,65,28,49
"IS492_11265",788,1845,808,1795
"IS492_11270",3281,8522,3301,8412
"IS492_11275",379,1367,593,959
"IS492_11280",782,3305,1044,2134
"IS492_11285",1101,3469,1066,3070
"IS492_11290",500,1259,446,1114
"IS492_11295",261,767,246,645
"IS492_11300",810,2318,691,1904
"IS492_11305",321,681,301,629
"IS492_11310",214,625,227,484
"IS492_11315",43,149,52,144
"IS492_11320",285,630,163,469
"IS492_11325",216,438,207,398
"IS492_11330",281,541,379,680
"IS492_11335",1206,3257,1464,3060
"IS492_11340",3094,11058,3754,8660
"IS492_11345",75,189,61,155
"IS492_11355",715,1499,618,1570
"IS492_11360",253,552,239,525
"IS492_11365",158,668,120,453
"IS492_11370",8726,16154,10549,22579
"IS492_11375",4106,14789,5162,13552
"IS492_11380",2701,6818,3367,7785
"IS492_11385",470,1153,527,1093
"IS492_11390",958,2285,888,2134
"IS492_11395",1495,4502,1384,4106
"IS492_11400",711,2021,736,1845
"IS492_11405",2813,7100,3180,7198
"IS492_11410",1716,3922,2354,4555
"IS492_11415",3452,7290,4486,7355
"IS492_11420",5459,14867,5476,13959
"IS492_11425",12351,24162,13974,27585
"IS492_11430",4323,11086,4689,11179
"IS492_11435",102,283,87,235
"IS492_11440",213,424,213,380
"IS492_11445",7,20,11,18
"IS492_11450",102,324,91,219
"IS492_11455",148,362,107,270
"IS492_11460",9,16,1,6
"IS492_11465",40,139,37,81
"IS492_11470",277,836,311,751
"IS492_11475",505,1513,506,1354
"IS492_11480",317,946,217,887
"IS492_11485",288,656,202,476
"IS492_11490",1143,2881,747,2281
"IS492_11495",12,16,8,27
"IS492_11500",9,9,7,15
"IS492_11505",1514,4016,1197,3406
"IS492_11510",467,1003,391,956
"IS492_11515",339,891,313,891
"IS492_11520",279,618,223,554
"IS492_11525",720,557,605,627
"IS492_11530",1267,1020,1249,1270
"IS492_11535",885,1346,901,1652
"IS492_11540",344,660,349,769
"IS492_11545",1137,1718,1086,1839
"IS492_11550",228,352,234,383
"IS492_11555",127,119,100,132
"IS492_11560",1205,2006,990,1910
"IS492_11565",421,756,369,730
"IS492_11570",748,1048,625,1155
"IS492_11575",635,667,671,778
"IS492_11580",1626,4733,1064,3777
"IS492_11585",391,814,387,810
"IS492_11590",90,133,84,137
"IS492_11595",246,478,280,563
"IS492_11600",582,1340,568,1656
"IS492_11605",25,45,26,62
"IS492_11610",90,213,76,187
"IS492_11615",28,80,22,51
"IS492_11620",18,36,18,44
"IS492_11625",210,666,212,593
"IS492_11630",79,229,50,171
"IS492_11635",128,434,126,346
"IS492_11640",11,38,19,33
"IS492_11645",287,823,214,772
"IS492_11650",14,32,14,25
"IS492_11655",253,689,265,591
"IS492_11660",26,66,21,75
"IS492_11665",59,162,63,162
"IS492_11670",64,232,50,167
"IS492_11675",27,66,15,34
"IS492_11680",30,94,21,65
"IS492_11685",14,47,17,43
"IS492_11690",2,8,8,4
"IS492_11695",30,57,25,26
"IS492_11700",18,58,10,43
"IS492_11705",170,478,147,363
"IS492_11710",116,294,97,230
"IS492_11715",224,565,181,399
"IS492_11720",9,35,7,16
"IS492_11725",11,25,9,32
"IS492_11730",24,61,32,67
"IS492_11735",48,171,38,124
"IS492_11740",38,86,43,86
"IS492_11745",41,97,38,83
"IS492_11750",277,697,281,767
"IS492_11755",6862,18647,5764,16751
"IS492_11765",61,159,27,134
"IS492_11770",152,585,102,439
"IS492_11775",29,96,33,105
"IS492_11780",55,189,57,199
"IS492_11785",13,55,16,43
"IS492_11790",69,264,104,287
"IS492_11795",56,128,54,92
"IS492_11800",92,265,84,207
"IS492_11805",51,110,40,90
"IS492_11810",31,52,34,62
"IS492_11815",33,72,23,58
"IS492_11820",47,106,38,120
"IS492_11825",30,46,22,48
"IS492_11830",24,64,16,53
"IS492_11835",44,120,40,129
"IS492_11840",80,174,65,138
"IS492_11845",248,413,224,434
"IS492_11850",19,29,19,19
"IS492_11855",89,234,98,195
"IS492_11860",255,727,204,558
"IS492_11865",293,732,214,653
"IS492_11870",74,202,89,185
"IS492_11875",64,169,48,118
"IS492_11880",7,14,6,12
"IS492_11885",106,225,76,212
"IS492_11890",31,79,43,70
"IS492_11895",44,143,59,128
"IS492_11900",124,308,81,276
"IS492_11905",118,202,94,195
"IS492_11910",218,544,222,582
"IS492_11915",33,67,35,83
"IS492_11920",247,789,286,713
"IS492_11925",6,23,7,29
"IS492_11930",32,66,24,64
"IS492_11935",10,38,18,32
"IS492_11940",22,64,32,58
"IS492_11945",3,16,3,11
"IS492_11950",51,126,49,103
"IS492_11955",6,14,5,12
"IS492_11960",12,37,13,33
"IS492_11965",19,55,22,73
"IS492_11970",18,42,12,39
"IS492_11975",15,33,15,36
"IS492_11980",20,81,19,68
"IS492_11985",23,60,14,37
"IS492_11990",21,45,10,40
"IS492_11995",3,10,3,5
"IS492_12000",56,177,42,124
"IS492_12005",72,175,49,132
"IS492_12010",500,1201,511,1273
"IS492_12015",65,160,47,125
"IS492_12020",42,74,27,78
"IS492_12025",10,25,2,18
"IS492_12030",325,822,276,774
"IS492_12035",545,1204,530,1428
"IS492_12040",132,341,80,204
"IS492_12045",139,317,118,217
"IS492_12050",122,407,121,315
"IS492_12055",145,342,164,336
"IS492_12060",101,195,139,195
"IS492_12065",210,466,265,438
"IS492_12070",257,702,194,595
"IS492_12075",633,1876,459,1468
"IS492_12080",2763,6278,2258,5196
"IS492_12085",981,3200,1003,2753
"IS492_12090",52,165,32,118
"IS492_12095",293,842,311,710
"IS492_12100",1115,3207,1432,3515
"IS492_12105",514,1664,349,1334
"IS492_12110",2751,9096,2366,7194
"IS492_12115",4025,13394,5493,13262
"IS492_12120",1336,4284,1512,4314
"IS492_12125",3499,7076,4257,8570
"IS492_12130",76,160,80,201
"IS492_12135",63,129,85,150
"IS492_12140",543,1062,434,999
"IS492_12145",31,64,22,40
"IS492_12150",20,46,13,24
"IS492_12155",789,1891,798,1909
"IS492_12160",87,213,93,197
"IS492_12165",254,712,184,552
"IS492_12170",62,263,63,186
"IS492_12175",216,780,236,665
"IS492_12180",196,487,289,478
"IS492_12185",84,193,111,183
"IS492_12190",56,122,59,110
"IS492_12195",13,28,15,36
"IS492_12200",94,123,110,148
"IS492_12205",65,130,88,100
"IS492_12210",91,176,131,179
"IS492_12215",113,251,153,287
"IS492_12220",135,281,177,302
"IS492_12225",32,62,39,87
"IS492_12230",34,78,15,52
"IS492_12235",103,232,46,112
"IS492_12240",237,583,243,428
"IS492_12245",105,288,133,286
"IS492_12250",542,1264,617,1546
"IS492_12255",1245,2334,1430,2850
"IS492_12260",483,1054,431,830
"IS492_12265",814,2313,1073,2099
"IS492_12270",234,669,317,768
"IS492_12275",81,256,64,197
"IS492_12280",238,570,154,455
"IS492_12285",491,1203,524,1100
"IS492_12290",361,840,374,767
"IS492_12295",243,590,257,643
"IS492_12300",281,1007,317,1008
"IS492_12305",236,633,225,578
"IS492_12310",365,1068,368,1080
"IS492_12315",50,108,48,114
"IS492_12320",233,531,295,460
"IS492_12325",92,237,102,200
"IS492_12330",653,2071,913,1849
"IS492_12335",380,1016,475,1058
"IS492_12340",443,1425,416,1115
"IS492_12345",3601,11563,4519,11151
"IS492_12350",224,528,198,466
"IS492_13020",100,263,80,220
"IS492_13025",154,420,112,365
"IS492_13030",3,4,2,8
"IS492_13035",219,583,253,546
"IS492_13040",461,1143,350,839
"IS492_13045",538,1659,644,1704
"IS492_13050",154,346,265,521
"IS492_13055",68,202,133,283
"IS492_13060",777,2867,763,3223
"IS492_13065",50,175,56,198
"IS492_13070",348,1114,286,1182
"IS492_13075",10,48,12,41
"IS492_13080",1849,1723,1573,3254
"IS492_13085",1469,1958,1298,2836
"IS492_13090",676,1087,642,1390
"IS492_13095",777,1506,990,1594
"IS492_13100",420,780,418,1042
"IS492_13105",2270,6220,1451,5101
"IS492_13110",212,518,280,512
"IS492_13115",1281,1673,923,1198
"IS492_13120",1673,3273,1146,2415
"IS492_13125",4244,10446,3089,7741
"IS492_13130",1785,4349,1529,3878
"IS492_13135",4122,10507,4450,10848
"IS492_13140",351,1090,338,1087
"IS492_13145",1686,4043,1704,4274
"IS492_13150",3331,7567,3496,8853
"IS492_13155",422,1375,675,1926
"IS492_13160",83,294,52,210
"IS492_13165",285,559,242,501
"IS492_13170",3644,11131,3496,12081
"IS492_13175",739,1546,648,1519
"IS492_13180",20,44,12,50
"IS492_13185",112,309,159,309
"IS492_13190",3,18,5,16
"IS492_13195",498,1241,458,1197
"IS492_13200",1452,3554,1672,3450
"IS492_13205",285,743,254,643
"IS492_13210",54,157,53,106
"IS492_13215",50,178,32,148
"IS492_13220",21,61,15,41
"IS492_13225",4,9,2,6
"IS492_13230",24,94,21,93
"IS492_13235",35,71,26,83
"IS492_13240",23,43,15,51
"IS492_13245",9,31,9,26
"IS492_13250",12,21,11,31
"IS492_13255",351,1117,359,1011
"IS492_13260",1300,4195,1458,4466
"IS492_13265",2268,7236,2744,7270
"IS492_13270",2682,9140,3012,9296
"IS492_13275",2078,6230,2195,6963
"IS492_13280",2173,6467,2734,6480
"IS492_13285",5404,15816,8493,17671
"IS492_13290",2555,7048,3403,7672
"IS492_13295",2036,3848,2563,4418
"IS492_13300",504,1066,696,1456
"IS492_13305",121,322,107,325
"IS492_13310",6,10,5,14
"IS492_13315",20,48,28,58
"IS492_13320",9,19,8,16
"IS492_13325",7,23,13,30
"IS492_13330",108,198,130,221
"IS492_13335",64,111,67,152
"IS492_13340",15,34,21,39
"IS492_13345",39,121,53,122
"IS492_13350",29,68,32,72
"IS492_13355",111,263,170,296
"IS492_13360",106,398,153,385
"IS492_13365",50,103,70,78
"IS492_13370",222,673,216,573
"IS492_13375",34,86,35,66
"IS492_13380",53,191,74,182
"IS492_13385",60,129,44,111
"IS492_13390",421,989,439,889
"IS492_13395",98,245,77,167
"IS492_13400",221,562,140,525
"IS492_13405",182,446,173,438
"IS492_13410",227,780,233,531
"IS492_13415",464,1240,571,1106
"IS492_13420",238,607,313,650
"IS492_13425",64,133,60,128
"IS492_13430",6472,15870,5774,15376
"IS492_13435",2417,7821,1762,7248
"IS492_13440",305,1281,255,1081
"IS492_13445",149,620,229,628
"IS492_13450",229,623,410,774
"IS492_13455",265,640,254,621
"IS492_13460",329,1175,498,1289
"IS492_13465",160,458,227,472
"IS492_13470",585,1565,664,1801
"IS492_13475",849,2091,1000,2453
"IS492_13480",149,529,192,505
"IS492_13485",670,2124,889,1722
"IS492_13490",323,909,345,904
"IS492_13495",187,613,169,509
"IS492_13500",83,177,101,248
"IS492_13505",22,34,15,37
"IS492_13510",11,26,11,33
"IS492_13515",13,55,24,50
"IS492_13520",22,93,43,104
"IS492_13525",37,98,46,110
"IS492_13530",29,54,43,58
"IS492_13535",105,223,99,211
"IS492_13540",24,37,31,34
"IS492_13545",5,29,17,21
"IS492_13550",14,27,26,28
"IS492_13555",31,44,34,40
"IS492_13560",390,1204,404,1007
"IS492_13565",538,1355,514,1365
"IS492_13570",84,205,136,259
"IS492_13575",67,177,102,239
"IS492_13580",166,370,210,444
"IS492_13585",448,1142,567,1458
"IS492_13590",149,367,212,492
"IS492_13595",233,627,246,662
"IS492_13600",1,3,2,10
"IS492_13605",14,35,19,33
"IS492_13610",80,204,79,163
"IS492_13615",29,140,55,144
"IS492_13620",77,223,88,215
"IS492_13625",141,434,185,428
"IS492_13630",81,165,89,188
"IS492_13635",24,86,44,82
"IS492_13640",29,59,27,57
"IS492_13645",34,69,47,66
"IS492_13650",31,88,54,96
"IS492_13655",96,216,77,207
"IS492_13660",662,1692,808,1951
"IS492_13665",761,2032,1077,2534
"IS492_13670",27,51,27,36
"IS492_13675",161,404,140,238
"IS492_13680",77,207,70,151
"IS492_13685",56,158,66,128
"IS492_13690",50,112,45,110
"IS492_13695",169,255,186,301
"IS492_13700",104,264,125,270
"IS492_13705",279,628,317,791
"IS492_13710",129,414,157,387
"IS492_13715",88,225,92,207
"IS492_13720",31,73,38,77
"IS492_13725",39,78,50,92
"IS492_13730",13,51,15,54
"IS492_13735",24,50,15,40
"IS492_13740",8,47,5,23
"IS492_13745",60,182,91,150
"IS492_13750",17,58,27,54
"IS492_13755",52,159,55,120
"IS492_13760",28,77,37,75
"IS492_13765",331,877,398,968
"IS492_13775",396,877,399,1007
"IS492_13780",15,41,26,57
"IS492_13785",39,94,40,129
"IS492_13790",1,9,3,15
"IS492_13795",51,140,56,184
"IS492_13800",82,273,110,347
"IS492_13805",415,1084,346,1060
"IS492_13810",65,206,91,244
"IS492_13815",521,1209,841,887
"IS492_13820",790,991,972,1182
"IS492_13825",969,1731,1215,1993
"IS492_13830",308,571,437,653
"IS492_13835",297,604,392,666
"IS492_13840",405,953,563,1089
"IS492_13845",857,1795,1170,2180
"IS492_13850",395,783,499,856
"IS492_13855",1374,2595,1664,2977
"IS492_13860",338,701,425,781
"IS492_13865",378,686,382,637
"IS492_13870",774,1180,408,570
"IS492_13875",1002,1024,822,886
"IS492_13880",835,1224,599,1174
"IS492_13885",59,95,91,108
"IS492_13890",28,87,55,69
"IS492_13895",347,965,302,894
"IS492_13900",4381,14653,4635,12979
"IS492_13905",96,236,103,261
"IS492_13910",302,685,288,773
"IS492_13915",256,604,351,628
"IS492_13920",1284,3667,1568,3687
"IS492_13925",354,1043,446,884
"IS492_13930",948,2605,950,2072
"IS492_13935",220,668,259,640
"IS492_13940",926,2327,1035,2072
"IS492_13945",366,1083,499,948
"IS492_13950",36,55,41,42
"IS492_13955",90,282,94,201
"IS492_13960",37,80,45,59
"IS492_13965",94,104,119,86
"IS492_13970",197,310,317,344
"IS492_13975",111,192,134,204
"IS492_13980",532,1843,866,1786
"IS492_13985",384,900,247,640
"IS492_13990",384,1230,326,1158
"IS492_13995",993,3064,1043,3382
"IS492_14000",481,1481,529,1521
"IS492_14005",474,1173,500,1274
"IS492_14010",69,173,89,179
"IS492_14015",115,217,144,294
"IS492_14020",118,422,135,429
"IS492_14025",32,75,32,78
"IS492_14030",101,275,78,279
"IS492_14035",67,184,67,149
"IS492_14040",147,312,178,333
"IS492_14045",909,1988,1269,1969
"IS492_14050",1836,4133,2888,4585
"IS492_14055",525,1236,752,1464
"IS492_14060",335,553,415,714
"IS492_14065",786,1369,947,1494
"IS492_14070",103,279,146,235
"IS492_14075",645,1320,878,1458
"IS492_14080",2230,6461,2996,8665
"IS492_14085",62,192,102,194
"IS492_14090",461,1307,675,1451
"IS492_14095",341,889,430,936
"IS492_14100",208,477,174,468
"IS492_14105",6,21,6,20
"IS492_14110",176,380,253,496
"IS492_14115",418,1381,492,1230
"IS492_14120",732,1919,624,1978
"IS492_14125",190,441,196,505
"IS492_14130",204,494,128,451
"IS492_14135",484,1226,573,1303
"IS492_14140",976,1903,1222,2098
"IS492_14145",6225,12798,8554,15152
"IS492_14150",3779,7395,5476,8780
"IS492_14155",3860,6141,5921,8552
"IS492_14160",1669,2512,2635,3237
"IS492_14165",1441,2542,2493,3556
"IS492_14170",4795,9211,7930,12593
"IS492_14175",113,76,86,153
"IS492_14180",1217,1456,1649,2040
"IS492_14185",222,420,309,573
"IS492_14190",58,165,83,133
"IS492_14195",28,67,30,66
"IS492_14200",87,235,116,305
"IS492_14205",48,94,42,107
"IS492_14210",109,378,116,356
"IS492_14215",108,238,98,259
"IS492_14220",32,87,37,70
"IS492_14225",65,90,71,97
"IS492_14230",32,71,47,97
"IS492_14235",20,51,12,19
"IS492_14240",88,267,91,268
"IS492_14245",195,482,317,542
"IS492_14250",177,426,282,521
"IS492_14255",193,400,204,387
"IS492_14260",300,621,303,614
"IS492_14265",252,824,272,707
"IS492_14270",53,114,52,104
"IS492_14275",57,96,57,75
"IS492_14280",156,296,172,247
"IS492_14285",349,566,406,431
"IS492_14290",143,330,121,272
"IS492_14295",499,1796,430,1564
"IS492_14300",725,1754,1055,2043
"IS492_14305",63,123,52,111
"IS492_14310",573,1710,727,1650
"IS492_14315",966,2998,1162,3166
"IS492_14320",150,433,147,447
"IS492_14325",62,137,80,161
"IS492_14330",182,523,177,581
"IS492_14335",202,572,205,724
"IS492_14340",34,43,26,54
"IS492_14345",17,58,12,48
"IS492_14350",72,185,70,140
"IS492_14355",142,248,125,204
"IS492_14360",85,290,91,260
"IS492_14365",153,437,142,409
"IS492_14370",191,444,238,515
"IS492_14375",117,246,114,392
"IS492_14380",139,366,152,448
"IS492_14385",279,695,312,944
"IS492_14390",100,292,157,415
"IS492_14395",668,1961,706,2191
"IS492_14400",210,527,278,671
"IS492_14405",210,491,266,571
"IS492_14410",1228,3733,1339,3797
"IS492_14415",155,306,154,298
"IS492_14420",41,141,67,128
"IS492_14425",84,201,84,165
"IS492_14430",66,182,102,205
"IS492_14435",267,631,264,647
"IS492_14440",8070,20467,9135,27115
"IS492_14445",659,1509,681,1544
"IS492_14450",166,366,178,368
"IS492_14455",137,362,139,379
"IS492_14460",36,119,47,106
"IS492_14465",32,74,16,71
"IS492_14470",78,362,90,309
"IS492_14475",82,303,90,218
"IS492_14480",111,407,133,366
"IS492_14485",195,560,179,585
"IS492_14490",124,225,64,204
"IS492_14495",1178,2762,1018,2580
"IS492_14500",452,1200,383,1065
"IS492_14505",45,148,20,71
"IS492_14510",13533,44426,10487,40742
"IS492_14515",1551,4503,1388,3904
"IS492_14520",82,228,63,215
"IS492_14525",263,903,334,793
"IS492_14530",56,157,43,106
"IS492_14535",35,123,39,89
"IS492_14540",126,446,141,378
"IS492_14545",172,366,149,382
"IS492_14550",307,817,351,910
"IS492_14555",448,1228,410,1086
"IS492_14560",1740,4052,1345,3208
"IS492_14565",257,813,177,570
"IS492_14570",115,272,52,149
"IS492_14575",1600,4669,1365,4239
"IS492_14580",782,1857,801,1889
"IS492_14585",697,2010,741,2154
"IS492_14590",270,850,260,779
"IS492_14595",68,162,68,153
"IS492_14600",172,379,150,362
"IS492_14605",105,273,112,288
"IS492_14610",93,257,80,239
"IS492_14615",90,325,111,262
"IS492_14620",299,902,172,512
"IS492_14625",766,2186,485,1177
"IS492_14630",1265,3980,1091,3391
"IS492_14635",3000,9040,2618,8328
"IS492_14640",928,3323,655,2730
"IS492_14645",2212,6511,1697,5881
"IS492_14650",2006,6393,1698,4895
"IS492_14655",997,3317,952,3112
"IS492_14660",362,904,349,824
"IS492_14665",112,448,124,429
"IS492_14670",318,908,257,680
"IS492_14675",433,1645,360,1351
"IS492_14680",610,1317,589,1290
"IS492_14685",308,699,269,748
"IS492_14690",111,346,111,354
"IS492_14695",196,440,207,442
"IS492_14700",36,69,33,54
"IS492_14705",108,237,101,251
"IS492_14710",193,528,199,453
"IS492_14715",4272,9932,4275,10774
"IS492_14720",44,124,41,151
"IS492_14725",77,207,95,198
"IS492_14730",456,1471,526,1562
"IS492_14735",176,636,186,395
"IS492_14740",97,418,137,293
"IS492_14745",248,824,287,882
"IS492_14750",127,338,193,404
"IS492_14755",445,1075,550,1109
"IS492_14760",2314,6977,3164,7632
"IS492_14765",555,1557,628,1838
"IS492_14770",714,2081,809,2426
"IS492_14775",935,2862,1052,2820
"IS492_14780",480,1585,595,1692
"IS492_14785",229,701,290,784
"IS492_14790",19,55,21,48
"IS492_14795",153,443,240,474
"IS492_14800",221,434,271,516
"IS492_14805",127,341,184,342
"IS492_14810",112,321,122,292
"IS492_14815",47,148,64,133
"IS492_14820",100,248,76,159
"IS492_14825",31,55,24,36
"IS492_14830",1229,3284,1361,3038
"IS492_14835",908,3369,821,2735
"IS492_14840",65,233,104,230
"IS492_14845",70,247,71,207
"IS492_14850",33,93,45,89
"IS492_14855",62,156,79,132
"IS492_14860",175,314,212,263
"IS492_14865",102,235,122,258
"IS492_14870",158,451,160,436
"IS492_14875",97,277,94,236
"IS492_14880",20,73,29,65
"IS492_14885",159,386,115,267
"IS492_14890",389,1055,373,956
"IS492_15195",94,256,90,218
"IS492_15200",581,1474,579,2073
"IS492_15205",166,463,166,446
"IS492_15210",14,35,17,40
"IS492_15215",252,841,235,762
"IS492_15220",25,75,16,64
"IS492_15225",52,129,59,114
"IS492_15230",283,670,296,671
"IS492_15235",78,192,103,178
"IS492_15240",1624,3271,1704,3250
"IS492_15245",251,613,242,610
"IS492_15250",190,320,247,286
"IS492_15255",102,240,89,238
"IS492_15260",730,1541,782,1561
"IS492_15265",348,782,332,824
"IS492_15270",114,282,118,283
"IS492_15275",32,88,27,102
"IS492_15280",2542,3402,2829,3386
"IS492_15285",9984,21961,14985,25868
"IS492_15290",1917,5139,1448,4494
"IS492_15295",3283,10714,2909,9273
"IS492_15300",18059,63120,25884,67254
"IS492_15305",10173,27246,12880,32688
"IS492_15310",49204,131071,74627,153577
"IS492_15315",29363,76434,43233,92804
"IS492_15320",43016,105517,65391,131971
"IS492_15325",41554,87434,63457,100577
"IS492_15330",43156,105443,69280,131587
"IS492_15335",660,2186,628,1791
"IS492_15340",132,246,96,217
"IS492_15345",6527,7149,9005,7531
"IS492_15350",41,177,51,99
"IS492_15355",86,257,97,223
"IS492_15360",179,552,213,430
"IS492_15365",10183,21858,14178,22242
"IS492_15370",1200,1792,1556,2438
"IS492_15375",455,682,552,914
"IS492_15380",262,651,300,598
"IS492_15385",222,639,214,623
"IS492_15390",966,2930,748,2342
"IS492_15400",258,812,220,771
"IS492_15405",1424,4447,1305,4499
"IS492_15410",260,674,336,659
"IS492_15415",107,249,163,285
"IS492_15420",206,434,228,435
"IS492_15425",261,779,341,619
"IS492_15430",14424,43477,17185,39386
"IS492_15435",2781,9267,2127,7128
"IS492_15440",505,1314,608,1346
"IS492_15445",83,210,100,201
"IS492_15450",568,1725,571,1519
"IS492_15455",1896,4910,1764,4316
"IS492_15460",877,2845,979,2862
"IS492_15465",961,2210,1059,2382
"IS492_15470",752,2461,795,2625
"IS492_15475",334,779,283,731
"IS492_15480",362,870,247,707
"IS492_15485",83,217,50,168
"IS492_15490",448,944,341,849
"IS492_15495",464,1133,372,1029
"IS492_15500",1360,4137,1210,4147
"IS492_15505",2308,6714,2128,6728
"IS492_15510",716,1697,462,1194
"IS492_15515",235,558,266,581
"IS492_15520",110,216,80,211
"IS492_15525",268,692,368,758
"IS492_15530",72,181,93,205
"IS492_15535",112,227,209,357
"IS492_15540",222,492,362,519
"IS492_15545",0,3,2,0
"IS492_15550",1482,3914,2383,4970
"IS492_15555",4278,7677,6582,9861
"IS492_15560",768,1524,1123,1848
"IS492_15565",1502,3111,1765,3243
"IS492_15570",291,717,294,699
"IS492_15575",86,235,80,163
"IS492_15580",183,498,209,494
"IS492_15585",318,1140,327,1126
"IS492_15590",207,363,197,348
"IS492_15595",1436,3873,1719,3664
"IS492_15600",1248,3534,1488,3552
"IS492_15605",331,809,358,848
"IS492_15610",321,853,336,816
"IS492_15615",130,441,207,475
"IS492_15620",371,816,319,907
"IS492_15625",594,2097,420,1597
"IS492_15630",156,538,94,458
"IS492_15635",109,357,82,305
"IS492_15640",356,1165,336,1070
"IS492_15645",809,2371,603,1989
"IS492_15650",78,241,99,237
"IS492_15655",56,207,72,179
"IS492_15660",1329,3719,1297,3007
"IS492_15665",774,2512,1016,2666
"IS492_15670",126,462,94,361
"IS492_15675",31,61,19,45
"IS492_15680",130,369,118,327
"IS492_15685",20,44,13,40
"IS492_15695",93,264,85,221
"IS492_15700",28,73,36,77
"IS492_15705",134,308,116,362
"IS492_15710",51,120,51,126
"IS492_15715",0,2,1,2
"IS492_15720",35,94,33,115
"IS492_15725",17,60,14,49
"IS492_15730",140,401,118,329
"IS492_15735",30,81,17,67
"IS492_15740",120,347,116,348
"IS492_15745",48,170,36,128
"IS492_15750",266,746,208,684
"IS492_15755",149,350,142,363
"IS492_15760",3915,10729,3562,11546
"IS492_15765",2281,9755,1804,10055
"IS492_15770",460,1275,481,1273
"IS492_15775",573,1540,486,1539
"IS492_15780",2916,7312,2732,7672
"IS492_15785",417,1296,434,1104
"IS492_15790",238,666,414,690
"IS492_15795",139,469,158,396
"IS492_15800",1516,4785,1508,3790
"IS492_15805",198,744,322,662
"IS492_15810",458,1214,534,1299
"IS492_15815",984,2703,986,2800
"IS492_15825",128,381,134,414
"IS492_15830",649,1607,594,1603
"IS492_15835",362,887,595,958
"IS492_15840",146,564,184,519
"IS492_15845",1869,4825,3644,5705
"IS492_15850",33,56,18,50
"IS492_15855",14,24,6,20
"IS492_15860",10,22,8,18
"IS492_15865",15,30,19,33
"IS492_15870",33,62,29,72
"IS492_15875",42,60,42,64
"IS492_15880",15,20,12,21
"IS492_15885",7,41,13,23
"IS492_15890",46,102,32,95
"IS492_15895",8,23,8,17
"IS492_15900",15,21,11,25
"IS492_15905",11,31,8,21
"IS492_15910",3,14,2,2
"IS492_15915",53,98,41,100
"IS492_15920",13,40,17,40
"IS492_15925",2,0,5,5
"IS492_15930",41,113,47,102
"IS492_15935",24,68,45,93
"IS492_15940",162,330,204,286
"IS492_15945",151,254,161,268
"IS492_15950",32,95,35,89
"IS492_15955",68,116,86,139
"IS492_15960",89,149,107,136
"IS492_15965",33,80,36,65
"IS492_15970",124,304,127,231
"IS492_15975",22,61,28,57
"IS492_15980",69,164,88,184
"IS492_15985",68,94,50,115
"IS492_15990",9,15,5,21
"IS492_15995",27,55,30,77
"IS492_16000",35,88,49,100
"IS492_16005",35,119,35,130
"IS492_16010",36,71,24,83
"IS492_16015",55,108,51,106
"IS492_16020",27,69,39,57
"IS492_16025",48,103,87,118
"IS492_16030",603,1559,878,1263
"IS492_16035",198,632,169,411
"IS492_16040",524,877,453,986
"IS492_16045",1836,4592,1468,4817
"IS492_16050",292,891,298,766
"IS492_16055",120,376,133,456
"IS492_16060",225,657,248,755
"IS492_16065",372,942,383,954
"IS492_16070",175,462,140,431
"IS492_16075",65,182,69,185
"IS492_16080",593,1789,536,1591
"IS492_16085",905,2457,1033,2332
"IS492_16090",81,151,80,193
"IS492_16095",31,60,27,70
"IS492_16100",254,644,260,609
"IS492_16105",104,370,114,353
"IS492_16110",2893,6730,3078,8225
"IS492_16115",33,71,42,92
"IS492_16120",11,37,19,51
"IS492_16125",180,509,147,489
"IS492_16130",6667,11822,4921,12409
"IS492_16135",573,854,339,720
"IS492_16140",1230,3613,893,3162
"IS492_16145",385,1162,368,1161
"IS492_16150",906,3534,854,2100
"IS492_16155",145,383,133,317
"IS492_16160",414,1073,462,950
"IS492_16165",780,1645,827,1608
"IS492_16170",4561,12031,4991,11752
"IS492_16175",172,597,160,577
"IS492_16180",227,507,178,516
"IS492_16185",264,514,306,445
"IS492_16190",602,1740,471,1323
"IS492_16195",2501,6147,2474,6254
"IS492_16200",1849,4014,1701,4133
"IS492_16205",319,511,298,572
"IS492_16210",238,494,244,515
"IS492_16215",78,232,75,186
"IS492_16220",55,132,43,155
"IS492_16225",113,303,129,289
"IS492_16230",2030,5065,2733,5397
"IS492_16235",2913,8219,3546,7198
"IS492_16240",373,1126,258,837
"IS492_16245",1251,3563,1250,3408
"IS492_16250",17565,46308,24541,48913
"IS492_16255",318,869,376,687
"IS492_16260",1701,3733,1813,4391
"IS492_16265",359,701,388,651
"IS492_16270",148,343,102,289
"IS492_16275",1554,3942,1131,3009
"IS492_16280",2077,4958,2262,4900
"IS492_16285",203476,535954,232203,627516
"IS492_16290",256,686,342,724
"IS492_16295",101,216,109,187
"IS492_16300",4,24,15,25
"IS492_16305",49,127,82,181
"IS492_16310",101,225,136,268
"IS492_16315",72,167,163,221
"IS492_16320",1126,2663,1837,3101
"IS492_16325",35,122,53,142
"IS492_16330",56,278,107,238
"IS492_16335",11041,34429,17526,41470
"IS492_16340",981,2646,820,2734
"IS492_16345",10227,34855,10229,37362
"IS492_16350",123,304,67,190
"IS492_16355",112,488,151,271
"IS492_16360",1002,1953,1307,2323
"IS492_16365",1943,4788,2344,5449
"IS492_16370",3488,10166,4361,10289
"IS492_16375",3680,8249,5343,9719
"IS492_16380",617,1981,508,1449
"IS492_16385",5,22,1,13
"IS492_16390",5,22,7,18
"IS492_16395",4,22,3,12
"IS492_16400",2,11,4,8
"IS492_16405",106,254,124,203
"IS492_16410",475,916,485,886
"IS492_16415",198,551,240,504
"IS492_16420",174,535,154,338
"IS492_16425",5189,14835,6629,11924
"IS492_16430",3558,10260,3632,9763
"IS492_16435",24681,59335,21065,55054
"IS492_16440",23998,53064,23655,55065
"IS492_16445",4061,5616,4685,6222
"IS492_16450",514,1140,534,1311
"IS492_16455",3427,9277,3723,8123
"IS492_16460",1079,2276,1269,2840
"IS492_16465",1123,3031,1444,3630
"IS492_16470",448,1244,476,1262
"IS492_16475",773,2163,798,2211
"IS492_16480",1567,5426,1889,5510
"IS492_16485",854,2947,821,2508
"IS492_16490",1325,5693,1588,3818
"IS492_16495",559,1383,531,1409
"IS492_16500",1048,2850,1094,3152
"IS492_16505",376,1004,364,932
"IS492_16510",766,2625,823,2657
"IS492_16515",316,937,333,957
"IS492_16520",273,1013,414,811
"IS492_23445",252,623,303,591
"IS492_23450",192,323,208,351
"IS492_23455",491,1017,658,1302
"IS492_23460",93,110,70,100
"IS492_23465",94,207,95,213
"IS492_23470",53,105,56,119
"IS492_23475",326,1058,440,1185
"IS492_23480",1242,3461,1658,4550
"IS492_23485",953,2917,800,2805
"IS492_23490",95,246,160,277
"IS492_23495",80,189,99,227
"IS492_23500",155,343,207,375
"IS492_23505",284,537,371,596
"IS492_23510",105,222,168,253
"IS492_23515",230,488,312,528
"IS492_23520",81,190,103,210
"IS492_23525",445,1277,402,1036
"IS492_23530",233,564,226,495
"IS492_23535",727,2065,695,2188
"IS492_23540",1021,2798,911,2518
"IS492_23545",3729,10958,3708,10870
"IS492_23550",73,201,66,206
"IS492_23555",392,813,373,931
"IS492_23560",686,1843,797,1817
"IS492_23565",319,992,418,832
"IS492_23570",445,998,502,872
"IS492_23575",1275,2600,1785,2885
"IS492_23580",602,1085,743,1270
"IS492_23585",269,630,386,686
"IS492_23590",505,1341,493,1000
"IS492_23595",446,1271,613,1137
"IS492_23600",247,586,352,615
"IS492_23605",111,296,145,326
"IS492_23610",27,71,60,98
"IS492_23615",355,487,985,1499
"IS492_23620",139,141,404,620
"IS492_23625",202,190,406,504
"IS492_23630",444,932,635,1393
"IS492_23635",683,1946,797,2211
"IS492_23640",11,31,12,28
"IS492_23645",71,145,58,101
"IS492_23650",213,524,291,565
"IS492_23655",29,114,36,113
"IS492_23660",227,667,267,666
"IS492_23665",69,231,80,188
"IS492_23670",36,87,33,73
"IS492_23675",15,52,24,53
"IS492_23680",20,74,32,54
"IS492_23685",50,77,44,65
"IS492_23690",46,89,48,70
"IS492_23695",14,31,10,20
"IS492_23700",196,509,235,493
"IS492_23710",43,146,43,109
"IS492_23715",956,2073,946,2045
"IS492_23720",689,1461,630,1349
"IS492_23725",112,275,146,341
"IS492_23730",35,122,44,121
"IS492_23735",101,257,129,210
"IS492_23740",21,56,33,38
"IS492_23745",183,464,217,539
"IS492_23750",269,711,280,784
"IS492_23755",74,198,74,171
"IS492_23760",110,325,163,344
"IS492_23765",269,709,359,795
"IS492_23770",272,884,317,801
"IS492_23775",898,2694,1333,2569
"IS492_23780",2378,3661,3905,4099
"IS492_23785",816,1642,1182,1502
"IS492_23790",365,708,255,487
"IS492_23795",1335,2335,1252,2142
"IS492_23800",237,452,278,361
"IS492_23805",261,437,271,430
"IS492_23810",220,560,327,409
"IS492_23815",4918,11446,8509,12220
"IS492_23820",15254,46422,24705,50378
"IS492_23825",10378,28876,14852,29370
"IS492_23830",4155,15355,3457,11577
"IS492_23835",314,763,292,722
"IS492_23840",287,564,276,575
"IS492_23845",377,853,431,724
"IS492_23850",324,1013,273,797
"IS492_23855",804,2003,603,1554
"IS492_23860",747,2294,784,1992
"IS492_23865",280,841,228,742
"IS492_23870",494,1284,579,1126
"IS492_24200",314,817,244,637
"IS492_24205",147,496,91,313
"IS492_24210",232,467,237,547
"IS492_24215",243,642,211,555
"IS492_24220",1282,4041,1343,3648
"IS492_24225",1934,4795,2165,4635
"IS492_24230",1118,3499,768,2281
"IS492_24235",169,480,156,485
"IS492_24240",132,417,139,398
"IS492_24245",1829,4082,1821,4276
"IS492_24250",3214,8329,3572,8332
"IS492_24255",211,713,264,832
"IS492_24260",1817,4720,2294,5481
"IS492_24265",2782,7442,3706,8463
"IS492_24270",1426,3855,2018,4700
"IS492_24275",1844,4929,2761,5960
"IS492_24280",1452,4377,2293,5280
"IS492_24285",1664,4744,2750,5381
"IS492_24290",1514,5711,2430,5278
"IS492_24295",1255,3567,1398,2818
"IS492_24300",12852,44035,19993,41607
"IS492_24305",4118,11253,6288,13563
"IS492_24310",1130,2616,1377,2807
"IS492_24315",51,131,62,127
"IS492_24485",65,183,54,146
"IS492_24490",1494,5029,1686,4653
"IS492_24495",103,198,61,136
"IS492_24500",1667,4339,2247,5482
"IS492_24505",3543,7858,3960,10833
"IS492_24510",1620,4876,2063,6313
"IS492_24515",1367,4274,1381,3991
"IS492_24520",314,982,394,1033
"IS492_24525",32,83,29,63
"IS492_24530",464,902,420,761
"IS492_24535",2365,6755,1968,5190
"IS492_24540",1553,3974,2093,3494
"IS492_24545",1536,3847,1865,4830
"IS492_24550",1203,4012,1176,3471
"IS492_24555",126,324,129,288
"IS492_24560",1595,4339,1370,3976
"IS492_24565",755,2036,945,2079
"IS492_24570",1350,4614,1490,4270
"IS492_24575",483,1054,417,1008
"IS492_24580",175,357,158,309
"IS492_24585",17,30,16,45
"IS492_24590",162,495,148,463
"IS492_24595",186,605,256,607
"IS492_24600",80,306,98,317
"IS492_24605",222,583,241,584
"IS492_24610",41,144,53,127
"IS492_24615",195,734,260,746
"IS492_24620",182,546,227,535
"IS492_24625",367,807,318,836
"IS492_24630",942,2283,811,2121
"IS492_24635",288,676,207,531
"IS492_24640",33683,78324,49365,86450
"IS492_24645",271,889,262,817
"IS492_24650",1491,4129,1140,2964
"IS492_24655",895,2637,775,2120
"IS492_24660",201,578,201,637
"IS492_24665",262,808,302,868
"IS492_24670",450,1200,568,1372
"IS492_24675",412,1177,609,1430
"IS492_24680",537,1512,530,1493
"IS492_24685",271,842,367,874
"IS492_24690",469,1166,586,1295
"IS492_24695",562,1187,731,1276
"IS492_24700",309,796,380,752
"IS492_24705",332,1106,407,849
"IS492_24710",502,2113,565,1548
"IS492_24715",9230,26781,12043,29787
"IS492_24720",1134,3089,1025,2835
"IS492_24725",229,615,203,515
"IS492_24730",684,1634,746,1707
"IS492_24735",917,2891,1059,3095
"IS492_24740",1064,3075,1051,3236
"IS492_24745",284,871,301,980
"IS492_24750",155,362,123,362
"IS492_24755",319,974,311,868
"IS492_24760",404,1489,465,1389
"IS492_24765",397,1125,414,1202
"IS492_24770",508,1265,699,1627
"IS492_24775",114,286,87,278
"IS492_24780",78,247,71,257
"IS492_24785",9,9,5,5
"IS492_24790",247,639,351,728
"IS492_24795",535,1191,656,1219
"IS492_24800",179,376,197,317
"IS492_24805",251,473,230,462
"IS492_24810",132,332,136,329
"IS492_24815",354,690,343,759
"IS492_24820",384,900,457,933
"IS492_24825",524,1383,622,1374
"IS492_24830",1069,2964,1250,2915
"IS492_24835",393,1334,338,1032
"IS492_24840",1302,4606,1424,4280
"IS492_24845",2073,5312,2260,5526
"IS492_24850",4454,13183,5915,15406
"IS492_24855",5116,15653,6129,14608
"IS492_24860",353,1068,401,1127
"IS492_24865",1947,4485,3182,4996
"IS492_24870",3690,8438,5985,8464
"IS492_24875",3013,7877,4474,7790
"IS492_24880",607,1581,555,1333
"IS492_24885",440,1292,422,1289
"IS492_24890",15470,46295,15452,45046
"IS492_24895",429,1260,614,1185
"IS492_24900",2310,6730,2904,6465
"IS492_24905",1238,3592,1266,3553
"IS492_24910",601,1968,539,1761
"IS492_24915",1162,3673,1301,4011
"IS492_24920",2497,7021,2800,7289
"IS492_24925",482,1206,501,1143
"IS492_24930",538,835,633,1051
"IS492_24935",483,1005,614,1313
"IS492_24940",251,425,333,467
"IS492_24945",9052,17276,7157,14475
"IS492_24950",514,1537,534,1768
"IS492_24955",479,1485,536,1829
"IS492_24960",531,1398,683,1475
"IS492_24965",397,822,478,659
"IS492_24970",472,1150,498,863
"IS492_24975",171,235,273,307
"IS492_24980",92,127,130,163
"IS492_24985",3,8,2,6
"IS492_24990",7,55,6,33
"IS492_24995",5,11,2,13
"IS492_25000",11,35,5,29
"IS492_25005",2116,5704,2984,4811
"IS492_25010",138,349,99,318
"IS492_25015",50,154,46,120
"IS492_25020",461,1166,563,1193
"IS492_25025",2918,7621,3586,7988
"IS492_25030",2966,9041,2971,6136
"IS492_25035",35,36,35,48
"IS492_25040",60,162,50,162
"IS492_25045",4918,14625,4372,12498
"IS492_25050",1513,3287,1436,2914
"IS492_25055",1091,3406,1266,3346
"IS492_25060",1426,3911,1373,4038
"IS492_25065",1604,3248,1639,3182
"IS492_25070",3742,8615,4415,9055
"IS492_25075",1291,3395,1333,3404
"IS492_25080",372,780,314,613
"IS492_25085",4988,11829,5245,11829
"IS492_25090",6752,19933,7429,19846
"IS492_25095",1279,3669,787,2216
"IS492_25100",1288,1608,1398,1660
"IS492_25105",783,1932,910,1771
"IS492_25110",20441,64089,32015,59429
"IS492_25115",2939,7162,4199,7947
"IS492_25120",7621,20644,9544,22478
"IS492_25125",3323,8332,4198,9570
"IS492_25130",5235,14035,7296,17183
"IS492_25135",5283,12866,7077,14293
"IS492_25140",13096,35331,17610,34694
"IS492_25145",749,1963,811,1672
"IS492_25150",1237,3576,1378,3262
"IS492_25155",1532,5148,1670,5181
"IS492_25160",1586,5275,1962,5577
"IS492_25165",1174,3441,1315,3279
"IS492_25170",68,193,85,216
"IS492_25175",128,290,133,307
"IS492_25180",70,198,68,165
"IS492_25185",2316,6545,2263,5289
"IS492_25190",472,1159,597,1138
"IS492_25195",840,2448,1177,2291
"IS492_25200",305,623,323,659
"IS492_25205",4151,10545,6482,14212
"IS492_25210",3607,7530,6372,10359
"IS492_25215",4218,9318,6442,11318
"IS492_25220",366,1034,411,982
"IS492_25225",854,1846,844,1880
"IS492_25230",5532,9825,6026,10049
"IS492_25235",7688,13543,9133,14914
"IS492_25240",2491,5426,2686,5505
"IS492_25245",3064,6736,3359,7283
"IS492_25250",8622,23549,10564,25574
"IS492_25260",986,2424,1333,2830
"IS492_25265",2478,5912,3504,7454
"IS492_25270",3231,9661,5101,13051
"IS492_25275",7161,19315,10305,24095
"IS492_25280",3876,9974,5359,13466
"IS492_25285",555,1370,837,2067
"IS492_25290",501,996,604,1320
"IS492_25295",787,1749,621,1385
"IS492_25300",1046,2304,1120,2445
"IS492_25305",986,2493,1133,2740
"IS492_25310",783,2223,685,1819
"IS492_25315",1207,3216,980,2981
"IS492_25320",1172,2737,1295,2821
"IS492_25325",1188,3104,1504,3851
"IS492_25330",1802,4575,1812,4613
"IS492_25335",373,851,417,848
"IS492_25340",559,1403,451,1182
"IS492_25345",754,2021,884,2320
"IS492_25350",779,1948,934,2144
"IS492_25355",46,82,60,95
"IS492_25360",217,820,236,563
"IS492_25365",728,1840,871,2058
"IS492_25370",502,1560,566,1779
"IS492_25375",514,1442,631,1745
"IS492_25380",931,2135,1087,2450
"IS492_25385",787,1819,938,1789
"IS492_25390",133,572,92,446
"IS492_25395",337,1190,354,913
"IS492_25400",625,2006,547,1758
"IS492_25405",48,124,58,112
"IS492_25410",357,902,338,775
"IS492_25415",93,253,95,224
"IS492_25420",218,527,245,431
"IS492_25425",67,122,81,128
"IS492_25430",312,821,324,702
"IS492_25435",1455,3662,1474,3679
"IS492_25440",914,2510,986,2750
"IS492_25445",1150,2537,1280,2634
"IS492_25450",1790,4511,2179,4831
"IS492_25455",110,209,128,204
"IS492_25460",390,940,385,827
"IS492_25465",55,105,49,126
"IS492_25470",211,439,166,495
"IS492_25475",664,1406,524,1320
"IS492_25480",1487,4164,1303,3936
"IS492_25485",235,607,248,631
"IS492_25490",197,300,158,250
"IS492_25495",9,44,16,29
"IS492_25500",1118,3188,973,2280
"IS492_25505",831,2362,1192,2487
"IS492_25510",690,1371,938,1762
"IS492_25515",718,2114,890,2142
"IS492_25520",248,840,205,611
"IS492_25525",1682,4574,1298,3520
"IS492_25530",3826,12402,3842,9681
"IS492_25535",1766,4284,1952,3642
"IS492_25540",471,964,721,815
"IS492_25545",2794,8123,2545,7301
"IS492_25550",592,1913,673,2205
"IS492_25555",158,499,187,626
"IS492_25560",223,513,171,442
"IS492_25565",61,226,58,198
"IS492_25570",63,152,50,132
"IS492_25575",35,98,36,105
"IS492_25580",94,334,117,337
"IS492_25585",911,1964,869,1855
"IS492_25590",1897,3947,1832,3912
"IS492_25595",10267,27728,10183,24820
"IS492_25600",320,940,277,839
"IS492_25605",609,1458,572,1450
"IS492_25610",976,2482,918,2648
"IS492_25615",372,979,345,929
"IS492_25620",935,2681,960,3019
"IS492_25625",1040,2158,945,2344
"IS492_25630",2438,6252,2007,4596
"IS492_25635",89,177,57,215
"IS492_25640",3,8,4,11
"IS492_25645",2855,7696,3425,7341
"IS492_25650",501,1109,661,1011
"IS492_25655",75,186,46,137
"IS492_25660",1103,4998,646,3125
"IS492_25665",1247,3355,1417,3022
"IS492_25670",653,1823,1262,1234
"IS492_25675",421,1074,443,924
"IS492_25680",1145,3769,1021,3293
"IS492_25685",2262,5950,2228,6144
"IS492_25690",3638,8208,3715,8589
"IS492_25695",171,370,201,445
"IS492_25700",190,389,227,473
"IS492_25705",286,670,306,844
"IS492_25710",103,263,66,202
"IS492_25715",390,854,212,644
"IS492_25720",441,1236,410,1210
"IS492_25725",34,81,34,86
"IS492_25730",113,257,87,213
"IS492_25735",36,124,47,92
"IS492_25740",51,177,68,111
"IS492_25745",111,287,114,237
"IS492_25750",81,117,79,154
"IS492_25755",357,828,405,865
"IS492_25760",857,1751,1239,1824
"IS492_25765",1249,3397,1618,3058
"IS492_25770",134,305,309,721
"IS492_25775",146,484,227,627
"IS492_25780",195,540,182,454
"IS492_25785",1252,2990,923,2509
"IS492_25790",24,32,28,32
"IS492_25795",1,9,3,7
"IS492_25805",1,11,0,7
"IS492_25815",34,86,31,90
"IS492_25820",101,236,101,249
"IS492_25825",224,626,213,570
"IS492_25830",72,145,63,110
"IS492_25835",2411,6385,2876,6261
"IS492_25840",11,22,23,22
"IS492_25845",2646,8911,3038,7904
"IS492_25850",578,1571,677,1374
"IS492_25855",603,1870,634,1659
"IS492_25860",521,1499,746,1788
"IS492_25865",395,964,470,1247
"IS492_25870",275,948,322,1129
"IS492_25875",30,103,48,135
"IS492_25880",657,1711,651,1820
"IS492_25885",98,238,109,248
"IS492_25890",818,1885,763,2316
"IS492_25895",261,529,169,507
"IS492_25905",40325,106017,38646,122860
"IS492_25910",2072,5171,2550,5738
"IS492_25915",171,429,189,360
"IS492_25920",243,555,281,517
"IS492_25925",355,703,636,671
"IS492_25930",229,458,438,457
"IS492_25935",85,122,173,152
"IS492_25940",179,354,270,370
"IS492_25945",133,358,184,358
"IS492_25950",52,160,61,221
"IS492_25955",136,259,140,300
"IS492_25960",27,34,26,41
"IS492_25965",210,553,255,618
"IS492_25970",128,317,143,278
"IS492_25975",151,432,218,569
"IS492_25980",281,763,309,880
"IS492_25985",126,256,94,290
"IS492_25990",583,1740,466,1659
"IS492_25995",187,514,229,539
"IS492_26000",12,46,18,31
"IS492_26005",25,78,31,58
"IS492_26010",23,57,32,70
"IS492_26015",48,136,84,141
"IS492_26020",12,29,18,28
"IS492_26025",30,89,35,77
"IS492_26030",6,5,3,8
"IS492_26035",51,164,29,126
"IS492_26040",6583,17729,5277,18237
"IS492_26045",19128,52375,16388,54915
"IS492_26050",98,204,101,225
"IS492_26055",319,974,368,808
"IS492_26060",423,1381,381,1115
"IS492_26065",902,2372,752,2382
"IS492_26070",388,1003,340,1009
"IS492_26075",566,1500,637,1524
"IS492_26080",2337,6511,2663,6050
"IS492_26085",111,346,69,310
"IS492_26090",1090,2388,847,2115
"IS492_26095",329,913,283,855
"IS492_26100",1359,3665,1255,3137
"IS492_26105",1346,3359,1089,3020
"IS492_26110",210,613,91,398
"IS492_26115",1438,4068,1329,4392
"IS492_26120",2000,4704,1794,4319
"IS492_26125",1276,3677,1044,3124
"IS492_26130",1047,2333,984,2212
"IS492_26135",912,2453,993,2479
"IS492_26140",3486,9141,3882,9879
"IS492_26145",1231,3263,1698,3334
"IS492_26150",264,539,444,701
"IS492_26155",115,208,187,238
"IS492_26160",88,251,98,216
"IS492_26165",30,96,35,119
"IS492_26170",151,297,118,300
"IS492_26175",294,896,266,916
"IS492_26180",530,1904,528,1895
"IS492_26185",973,3064,919,3364
"IS492_26190",2162,5029,1961,5486
"IS492_26195",206,554,172,425
"IS492_26205",149,204,75,143
"IS492_26210",443,826,351,747
"IS492_26215",148,399,146,360
"IS492_26220",6,4,5,7
"IS492_26225",199,551,188,623
"IS492_26230",64,149,68,180
"IS492_26235",33,77,53,100
"IS492_26240",89,192,99,217
"IS492_26245",119,469,192,509
"IS492_26250",185,514,256,456
"IS492_26255",104,236,126,242
"IS492_26260",28,97,71,97
"IS492_26265",51,118,55,107
"IS492_26270",59,139,61,117
"IS492_26275",75,162,70,169
"IS492_26280",28,56,35,63
"IS492_26285",27,27,20,32
"IS492_26290",12,33,23,41
"IS492_26295",21,38,17,41
"IS492_26300",28,68,28,60
"IS492_26305",32,78,46,96
"IS492_26310",2453,6334,2174,5969
"IS492_26315",387,785,435,860
"IS492_26320",139,370,94,301
"IS492_26325",115,401,158,341
"IS492_26330",34,93,34,54
"IS492_26335",36,73,26,86
"IS492_26340",360,393,72,134
"IS492_26345",256,681,110,279
"IS492_26350",79,209,36,141
"IS492_26355",39,83,23,67
"IS492_26360",24,60,37,42
"IS492_26365",48,107,84,113
"IS492_26370",685,2054,777,1555
"IS492_26375",516,1070,610,1273
"IS492_26380",266,532,298,597
"IS492_26385",117,335,162,382
"IS492_26390",153,416,165,407
"IS492_26395",175,508,162,391
"IS492_26400",30,85,32,78
"IS492_26405",166,297,262,349
"IS492_26410",701,1473,1013,1729
"IS492_26415",39,65,40,70
"IS492_26420",41,54,48,54
"IS492_26425",129,226,165,233
"IS492_26430",116,227,164,206
"IS492_26435",92,104,141,103
"IS492_26440",16,34,30,26
"IS492_26445",3,8,4,16
"IS492_26450",4,21,16,25
"IS492_26455",30,68,28,61
"IS492_26460",126,214,110,177
"IS492_26465",39,83,28,83
"IS492_26470",128,294,105,271
"IS492_26475",298,649,190,631
"IS492_26480",420,1138,363,1092
"IS492_26485",1157,3813,1288,4131
"IS492_26490",290,728,301,713
"IS492_26495",233,760,153,531
"IS492_26500",47,116,52,76
"IS492_26505",59,184,77,156
"IS492_26510",154,351,106,323
"IS492_26515",210,486,243,450
"IS492_26520",220,447,246,475
"IS492_26525",320,724,385,747
"IS492_26530",567,1112,303,808
"IS492_26535",27,87,21,83
"IS492_26540",335,1173,310,1413
"IS492_26545",893,3404,1109,5039
"IS492_26550",816,3005,1231,4134
"IS492_26555",372,1293,506,1869
"IS492_26560",184,602,159,572
"IS492_26565",395,892,382,883
"IS492_26570",370,1151,462,1178
"IS492_26575",115,293,78,165
"IS492_26580",260,770,228,648
"IS492_26585",613,1495,607,1620
"IS492_26590",275,832,222,664
"IS492_28445",880,2413,945,1791
"IS492_28450",15390,45313,16654,52142
"IS492_28455",2974,6923,4003,8105
"IS492_28460",2941,9506,3303,7240
"IS492_28465",1107,2791,989,2515
"IS492_28470",1024,2712,1431,2346
"IS492_28475",396,1521,343,998
"IS492_28480",0,5,0,5
"IS492_28485",127,348,87,268
"IS492_28490",398,915,306,739
"IS492_28500",18,57,32,47
"IS492_28505",224,588,180,433
"IS492_28510",216,606,195,626
"IS492_28515",1244,4066,1595,3861
"IS492_28520",1237,3495,978,2467
"IS492_28525",277,646,291,644
"IS492_28530",725,1531,597,1360
"IS492_28535",5110,16280,6828,16948
"IS492_28540",794,2386,1186,2791
"IS492_28545",455,939,526,993
"IS492_28550",6089,17374,9891,16794
"IS492_28555",392,949,553,1181
"IS492_28560",1461,3871,1302,3113
"IS492_28565",437,1272,426,868
"IS492_28570",480,1350,633,1553
"IS492_28575",5018,12186,3582,9559
"IS492_28580",819,2199,594,1681
"IS492_28585",416,874,470,853
"IS492_28590",51,99,44,81
"IS492_28595",73,168,55,174
"IS492_28600",202,434,162,357
"IS492_28605",558,1322,499,1279
"IS492_28610",619,1182,483,994
"IS492_28615",103,310,110,325
"IS492_28620",438,1412,566,1301
"IS492_28625",526,1666,685,1648
"IS492_28630",733,1928,913,2069
"IS492_28635",1052,2367,1054,2538
"IS492_28640",1760,4637,1717,4516
"IS492_28645",390,1128,325,865
"IS492_28650",273,616,262,554
"IS492_28655",723,1628,606,1516
"IS492_28660",1091,2842,1030,2738
"IS492_28665",1299,3929,1102,3404
"IS492_28670",888,2410,729,1835
"IS492_28675",1185,3682,893,2821
"IS492_28680",1236,3398,1338,3479
"IS492_28685",1419,4988,1363,3767
"IS492_28690",617,1791,551,1485
"IS492_28695",483,1504,466,1358
"IS492_28700",497,1260,469,1304
"IS492_28705",1036,2665,950,2556
"IS492_28710",7,12,10,16
"IS492_29995",3,17,4,17
"IS492_30000",20,50,33,48
"IS492_30005",12,34,9,29
"IS492_30010",28,60,20,46
"IS492_30015",211,447,214,386
"IS492_30020",175,292,198,245
"IS492_30025",869,1869,849,1770
"IS492_30030",1343,3471,1081,2722
"IS492_30035",49,140,49,97
"IS492_30040",215,580,234,599
"IS492_30045",149,385,167,344
"IS492_30050",240,465,283,470
"IS492_30055",650,1777,710,1808
"IS492_30060",188,658,203,472
"IS492_30065",383,974,416,908
"IS492_30070",4006,12045,4089,11759
"IS492_30075",544,1687,594,1794
"IS492_30080",1348,3729,1114,3476
"IS492_30085",109,332,114,263
"IS492_30090",138939,350569,184449,410082
"IS492_30850",89888,251942,130911,301083
"IS492_30855",33058,102110,42349,121388
"IS492_30860",36697,133400,48769,160657
"IS492_30865",33139,70259,52518,87137
"IS492_30870",17163,54286,28363,69596
"IS492_30875",3459,6985,3810,6103
"IS492_30880",1541,4562,1982,3786
"IS492_30885",114,268,213,271
"IS492_30890",45554,104187,68960,115817
"IS492_30895",55,334,42,231
"IS492_30900",59,479,48,301
"IS492_30905",92,232,146,167
"IS492_30910",666,1131,644,1049
"IS492_30915",397,969,382,733
"IS492_30920",472,1192,438,906
"IS492_30925",4,2,1,0
"IS492_30930",2139,1468,2246,771
"IS492_30935",14,42,5,35
"IS492_30940",1,4,2,1
"IS492_30945",279,371,102,306
"IS492_30950",659,1802,599,1265
"IS492_30955",746,1559,710,1499
"IS492_30960",498,1056,656,1334
"IS492_30965",851,1922,1350,2523
"IS492_30970",184,522,207,546
"IS492_30975",56,157,81,153
"IS492_30980",2001,4484,2943,5303
"IS492_30985",793,2440,1140,2732
"IS492_30990",1112,3546,1311,3827
"IS492_30995",116,297,99,245
"IS492_31000",1457,4573,1563,4484
"IS492_31005",184,519,192,517
"IS492_31010",161,449,210,505
"IS492_31015",30,118,40,93
"IS492_31020",9,33,18,27
"IS492_31025",11,23,20,32
"IS492_31030",34,90,34,73
"IS492_31035",20,53,22,41
"IS492_31040",32,71,25,85
"IS492_31045",189,551,269,580
"IS492_31050",145,410,180,432
"IS492_31055",39,100,51,104
"IS492_31060",33,68,42,67
"IS492_31065",64,128,68,191
"IS492_31070",276,817,312,774
"IS492_31075",45,118,46,124
"IS492_31080",121,362,106,373
"IS492_31085",32,108,55,142
"IS492_31090",240,544,288,518
"IS492_31095",149,347,131,297
"IS492_31100",83,227,107,194
"IS492_31105",65,145,83,163
"IS492_31110",81,236,84,211
"IS492_31115",38,33,13,29
"IS492_31120",34,84,29,50
"IS492_31125",22,69,39,67
"IS492_31130",101,241,110,250
"IS492_31135",455,1003,419,1022
"IS492_31140",807,1978,766,2044
"IS492_31145",1005,2738,942,2752
"IS492_31150",120,314,125,267
"IS492_31155",84,241,77,213
"IS492_31160",497,1275,516,1341
"IS492_31165",2078,4998,2895,5910
"IS492_31170",393,1044,328,879
"IS492_31175",1048,2801,1443,3260
"IS492_31180",115,260,138,279
"IS492_31185",27,48,34,75
"IS492_31190",403,898,528,1016
"IS492_31195",107,193,113,229
"IS492_31200",108,225,134,289
"IS492_31205",346,816,427,869
"IS492_31210",2719,6555,2813,6926
"IS492_31215",1908,4371,2308,5420
"IS492_31220",807,1848,981,1896
"IS492_31225",1295,4135,2161,3446
"IS492_31230",528,1661,619,1251
"IS492_31235",18434,70327,14334,68687
"IS492_31240",3316,12721,2651,12398
"IS492_31245",7867,24969,8587,20373
"IS492_31250",299,920,415,875
"IS492_31255",158,408,142,364
"IS492_31260",108,342,153,396
"IS492_31265",335,979,404,1146
"IS492_31270",330,895,314,818
"IS492_31275",22172,66786,26202,70695
"IS492_31280",9519,28557,9825,26087
"IS492_31285",604,1468,538,1376
"IS492_31290",436,1107,473,1117
"IS492_31300",1436,3441,1656,3948
"IS492_31305",1005,3699,699,2158
"IS492_31310",410,1150,431,1157
"IS492_31315",911,3525,1242,3527
"IS492_31320",263,637,325,629
"IS492_31325",3875,10999,4958,11770
"IS492_31330",402,980,569,1245
"IS492_31335",2111,6782,1721,3910
"IS492_31340",998,2164,839,1785
"IS492_31345",1988,4405,1948,5775
"IS492_31350",475,1027,546,1196
"IS492_31355",663,1622,723,1810
"IS492_31360",896,2447,1155,2670
"IS492_31365",529,1311,488,1252
"IS492_31370",1769,4526,1864,4385
"IS492_31375",1879,5820,1758,5420
"IS492_31380",1352,3994,1175,3560
"IS492_31385",1019,3422,930,2954
"IS492_31390",898,2617,1316,3097
"IS492_31395",321,870,379,1004
"IS492_31400",250,576,299,629
"IS492_31405",348,848,524,1032
"IS492_31410",52,124,55,120
"IS492_31415",1092,2942,1343,3402
"IS492_31420",143,382,208,355
"IS492_31425",400,1333,415,1207
"IS492_31430",2185,5602,2512,5814
"IS492_31435",309,819,336,1071
"IS492_31440",234,604,170,439
"IS492_31445",132,321,91,308
"IS492_31450",230,598,250,450
"IS492_31455",202,429,258,451
"IS492_31460",335,887,406,1096
"IS492_31465",612,2042,732,1848
"IS492_31470",136,570,156,404
"IS492_31475",3580,11614,3695,12232
"IS492_31480",8510,25235,6551,26375
"IS492_31485",16343,42471,13221,45415
"IS492_31490",401,1034,408,1078
"IS492_31495",258,700,296,692
"IS492_31500",445,1149,468,1004
"IS492_31505",798,3578,860,2175
"IS492_31510",139,258,297,1375
"IS492_31515",17,40,28,161
"IS492_31520",2162,6809,2312,6524
"IS492_31525",2338,5947,3104,6623
"IS492_31530",775,1843,913,2024
"IS492_31535",282,787,365,651
"IS492_31540",3999,10081,5042,11483
"IS492_31545",4738,13246,5040,13984
"IS492_31550",4638,10532,4493,10388
"IS492_31555",2092,6810,1755,5569
"IS492_31560",316,666,218,435
"IS492_31565",2508,5513,2372,5103
"IS492_31570",3996,11446,5273,12441
"IS492_31575",2664,6351,2658,7078
"IS492_31580",11320,30182,10117,31936
"IS492_31585",792,3177,1083,3569
"IS492_31590",2130,9628,2953,10547
"IS492_31595",410,1176,1143,3575
"IS492_31600",880,2633,2782,8472
"IS492_31605",1261,3008,2921,8157
"IS492_31610",458,1144,845,2300
"IS492_31615",243,856,365,961
"IS492_31620",497,1933,597,1454
"IS492_31625",576,1527,870,1399
"IS492_31630",3381,7630,4885,9078
"IS492_31635",62,128,97,179
"IS492_31640",71,172,88,195
"IS492_31645",156,361,184,373
"IS492_31650",75,186,80,216
"IS492_31655",255,620,255,585
"IS492_31660",727,2003,728,1740
"IS492_31665",164,531,155,408
"IS492_31670",141,476,194,359
"IS492_31675",335,1134,323,1011
"IS492_31680",327,769,287,727
"IS492_31685",634,1677,497,1269
"IS492_31690",397,896,417,774
"IS492_31695",285,661,312,617
"IS492_31700",1064,2758,1043,2287
"IS492_31705",309,803,273,667
"IS492_31715",1433,3351,1528,3538
"IS492_31720",791,2041,1183,2730
"IS492_31725",751,2166,1037,2724
"IS492_31730",253,624,286,616
"IS492_31735",1885,4492,1834,4795
"IS492_31740",548,1488,564,1337
"IS492_31745",323,629,290,506
"IS492_31750",2278,7128,1855,5599
"IS492_31755",1303,3751,1125,3414
"IS492_31760",184,334,183,421
"IS492_31765",2409,3498,2847,3505
"IS492_31770",244,623,293,806
"IS492_31775",104,219,216,397
"IS492_31780",68,112,528,1188
"IS492_31785",110,258,1121,3348
"IS492_31790",8,32,194,663
"IS492_31795",69,235,146,551
"IS492_31800",185,473,531,1594
"IS492_31805",25,85,334,866
"IS492_31810",19,52,229,583
"IS492_31815",161,307,491,1429
"IS492_31820",267,468,348,584
"IS492_31825",122,196,112,210
"IS492_31830",438,1158,506,1105
"IS492_31835",937,2820,1030,2844
"IS492_31840",8391,18572,9177,22369
"IS492_31845",418,1012,377,917
"IS492_31850",1174,3902,1035,3725
"IS492_31855",2748,8864,2746,8031
"IS492_31860",482,1476,454,1301
"IS492_31865",198,455,145,346
"IS492_31870",361,1118,376,1081
"IS492_31875",284,729,319,688
"IS492_31880",1933,3951,1525,3990
"IS492_31885",2590,3579,2636,3963
"IS492_31890",5,14,10,17
"IS492_31895",4338,9752,4344,10282
"IS492_31900",1553,4495,1440,4470
"IS492_31905",112,331,113,357
"IS492_31910",30,60,14,30
"IS492_31915",235,661,163,518
"IS492_31920",241,519,146,437
"IS492_31925",1988,5294,2799,5568
"IS492_31930",172,496,170,449
"IS492_31935",356,904,478,1187
"IS492_31940",2870,8414,3522,9345
"IS492_31945",6483,23441,8946,28919
"IS492_31950",49728,133438,75914,168985
"IS492_31955",14752,47645,22584,55298
"IS492_31960",40847,118192,62701,136393
"IS492_31965",12190,31564,18637,37871
"IS492_31970",16757,36075,25324,44432
"IS492_31975",5396,9630,8465,10501
"IS492_31980",5238,14913,5679,11184
"IS492_31985",229,524,157,381
"IS492_31990",3388,9104,4042,10277
"IS492_31995",1686,5865,1969,5875
"IS492_32000",906,2137,1335,2274
"IS492_32005",1588,5566,2464,4906
"IS492_32010",18,29,28,34
"IS492_32015",633,1836,855,1929
"IS492_32020",2582,8868,3871,8730
"IS492_32025",3440,9031,4927,9712
"IS492_32030",154,346,194,291
