"gene_id","SBAC317-PC1a.count","SBAC317-PC1b.count","SBAC317-PC1c.count","SBAC317-TSB1a.count","SBAC317-TSB1b.count","SBAC317-TSB1c.count"
"JYA73_RS00040",4039,2562,4496,225,474,495
"JYA73_RS00050",9012,5981,4489,888,1505,1655
"JYA73_RS00055",707,781,624,56,98,69
"JYA73_RS00060",791,974,738,56,73,104
"JYA73_RS00065",375,652,618,105,190,181
"JYA73_RS00125",1558,1864,3012,360,662,794
"JYA73_RS00165",22,73,82,7,7,11
"JYA73_RS00185",368,131,268,21,31,53
"JYA73_RS00210",88,92,79,3,2,5
"JYA73_RS00215",6379,6502,12639,1841,3531,3209
"JYA73_RS00250",38,104,265,20,46,42
"JYA73_RS00255",269,273,2436,111,179,309
"JYA73_RS00260",32,64,97,7,23,10
"JYA73_RS00265",22,80,103,8,22,16
"JYA73_RS00270",32,124,176,18,34,32
"JYA73_RS00275",30,101,136,16,39,24
"JYA73_RS00330",40,70,105,21,25,29
"JYA73_RS00340",1380,1356,2440,233,465,687
"JYA73_RS00415",710,387,541,87,175,145
"JYA73_RS00440",1624,11946,2117,835,1619,1818
"JYA73_RS00445",2034,13686,2568,832,1625,1713
"JYA73_RS00450",2218,14290,2742,847,1647,1642
"JYA73_RS00455",2810,16751,3532,1109,1713,1766
"JYA73_RS00460",1887,10230,2147,596,967,952
"JYA73_RS00465",909,4906,1187,293,431,486
"JYA73_RS00470",2408,11820,2746,723,1109,1086
"JYA73_RS00475",2198,11694,2856,618,981,1104
"JYA73_RS00480",1134,6326,1600,390,617,765
"JYA73_RS00485",1583,7505,1849,493,826,805
"JYA73_RS00490",2812,12615,3160,1024,1745,1746
"JYA73_RS00495",2845,11176,2846,872,1506,1580
"JYA73_RS00500",330,386,531,56,112,136
"JYA73_RS00505",149,259,456,42,77,60
"JYA73_RS00600",3658,2534,5159,907,1501,1631
"JYA73_RS00685",489,469,643,118,174,338
"JYA73_RS00760",106264,115922,62300,11613,24722,23401
"JYA73_RS00765",112,311,119,11,9,21
"JYA73_RS00770",1881,4113,2483,104,177,158
"JYA73_RS00945",2029,1839,3104,338,596,580
"JYA73_RS00950",836,1010,1660,121,221,193
"JYA73_RS00955",923,206,606,105,158,239
"JYA73_RS01015",342,202,573,89,131,190
"JYA73_RS01055",1029,728,2095,149,261,385
"JYA73_RS01125",1004,477,763,81,98,110
"JYA73_RS01130",86,209,327,44,89,85
"JYA73_RS01155",36,97,187,22,23,45
"JYA73_RS01175",147,466,741,114,160,150
"JYA73_RS01180",194,421,666,81,115,128
"JYA73_RS01185",283,534,775,107,199,176
"JYA73_RS01190",113,304,566,63,109,162
"JYA73_RS01205",823,950,2773,125,197,217
"JYA73_RS01210",2134,1338,2874,115,236,226
"JYA73_RS01220",3988,3823,5502,614,1100,1142
"JYA73_RS01225",1177,412,1888,117,251,193
"JYA73_RS01295",339,372,770,92,152,130
"JYA73_RS01300",170,229,540,61,87,104
"JYA73_RS01420",425,1297,757,133,221,268
"JYA73_RS01425",334,1088,714,104,191,188
"JYA73_RS01430",305,685,546,75,104,122
"JYA73_RS01455",477,432,951,100,138,115
"JYA73_RS01480",120,561,285,39,65,69
"JYA73_RS01485",125,461,237,36,40,30
"JYA73_RS01510",855,272,1048,86,151,184
"JYA73_RS01530",192,206,470,66,86,108
"JYA73_RS01535",85,97,217,13,43,44
"JYA73_RS01550",3117,1860,3686,401,534,1045
"JYA73_RS01625",981,1018,3707,86,161,104
"JYA73_RS01630",2561,3717,10797,257,669,475
"JYA73_RS01635",4141,7773,18224,1267,2597,2509
"JYA73_RS01640",6877,11972,21339,1790,3459,3173
"JYA73_RS01645",318,509,427,109,131,161
"JYA73_RS01700",19,22,23,4,6,8
"JYA73_RS01765",54,271,291,29,58,82
"JYA73_RS01770",58,248,293,27,50,72
"JYA73_RS01775",39,140,185,19,21,51
"JYA73_RS01780",59,239,370,34,51,46
"JYA73_RS01840",969,3486,3883,527,1102,911
"JYA73_RS01905",11851,15099,32462,1253,2631,2254
"JYA73_RS01925",3263,3517,4322,851,1469,1254
"JYA73_RS01930",2920,2271,4151,368,596,665
"JYA73_RS01940",33547,98606,40946,1715,2714,3590
"JYA73_RS01945",4723,18831,6761,284,473,682
"JYA73_RS02085",57820,22630,30448,6293,9274,11304
"JYA73_RS02090",2370,4857,5980,496,875,1219
"JYA73_RS02130",985,1020,2021,210,374,373
"JYA73_RS02135",2435,7423,10547,1515,2940,2300
"JYA73_RS02455",1048,1361,2284,233,357,420
"JYA73_RS02490",1337,1723,2345,249,412,375
"JYA73_RS02495",420,630,1012,92,136,129
"JYA73_RS02505",1790,2580,8412,425,745,776
"JYA73_RS02510",2269,2842,7323,388,615,630
"JYA73_RS02525",2813,8412,18774,846,1603,1362
"JYA73_RS02635",619,591,963,183,236,276
"JYA73_RS02670",453,381,619,62,118,155
"JYA73_RS02695",107,301,496,58,86,73
"JYA73_RS02700",5,10,14,0,1,3
"JYA73_RS02705",79,226,399,27,47,47
"JYA73_RS02720",431,596,1482,160,226,210
"JYA73_RS02800",890,1029,1034,303,489,429
"JYA73_RS02875",4109,6987,7284,927,1406,1938
"JYA73_RS02885",2269,1773,3881,206,344,479
"JYA73_RS02915",932,2126,2883,424,720,872
"JYA73_RS02940",1274,3021,4792,534,1178,905
"JYA73_RS02945",519,1645,1722,200,451,261
"JYA73_RS02975",2412,2611,5087,669,1187,1056
"JYA73_RS02980",552,1152,2779,77,174,126
"JYA73_RS02985",467,1096,1516,140,231,323
"JYA73_RS03030",62779,22047,68904,4815,11188,6054
"JYA73_RS03045",4908,1421,4859,399,661,569
"JYA73_RS03085",1454,800,1465,203,282,324
"JYA73_RS03140",80259,39396,54467,7109,12458,11409
"JYA73_RS03190",10906,4627,16687,549,1085,828
"JYA73_RS03220",6151,13145,13899,1991,4002,3000
"JYA73_RS03310",4934,11783,16862,599,855,1040
"JYA73_RS03315",4491,15828,18926,1089,1899,1758
"JYA73_RS03330",2844,4974,3644,1006,1585,1672
"JYA73_RS03345",26,36,31,6,6,1
"JYA73_RS03355",126,126,252,29,30,43
"JYA73_RS03360",474,419,1034,127,206,179
"JYA73_RS03365",15441,34110,56026,3414,6020,5071
"JYA73_RS03370",70916,195070,256919,17860,34281,18480
"JYA73_RS03375",20938,48685,70454,4263,8629,4424
"JYA73_RS03385",23,53,82,5,16,12
"JYA73_RS03390",33,113,168,15,35,27
"JYA73_RS03415",38,34,157,13,27,25
"JYA73_RS03455",1630,1870,3003,527,876,940
"JYA73_RS03500",88,243,338,34,77,95
"JYA73_RS03505",821,718,1844,166,242,369
"JYA73_RS03510",332,240,639,46,62,104
"JYA73_RS03610",2259,1279,2213,398,702,597
"JYA73_RS03640",1105,1255,2839,306,463,604
"JYA73_RS03645",190,321,762,79,147,181
"JYA73_RS03650",361,346,1283,94,159,239
"JYA73_RS03690",8210,2238,1899,454,880,769
"JYA73_RS03695",24178,21542,19819,2520,4040,6106
"JYA73_RS03710",133,302,394,63,93,125
"JYA73_RS03715",1642,1090,1164,311,462,518
"JYA73_RS03720",1172,712,673,171,198,264
"JYA73_RS03740",2508,1301,2007,87,193,123
"JYA73_RS03760",995,1520,2531,267,422,622
"JYA73_RS03795",812,2433,2607,215,401,458
"JYA73_RS03800",537,1905,1909,203,347,323
"JYA73_RS03805",1268,4253,3812,567,898,1023
"JYA73_RS03850",49,28,44,10,4,20
"JYA73_RS03890",667,254,506,38,84,88
"JYA73_RS03985",71,114,161,24,40,33
"JYA73_RS04055",1293,1056,2200,187,346,328
"JYA73_RS04060",11566,21021,18717,153,217,288
"JYA73_RS04065",7212,9584,10972,78,125,135
"JYA73_RS04075",1440,1188,3051,500,784,830
"JYA73_RS04080",1643,1486,3895,523,852,898
"JYA73_RS04085",2832,2528,6018,798,1430,1600
"JYA73_RS04110",21,78,30,8,12,15
"JYA73_RS04130",308,422,564,72,167,131
"JYA73_RS04140",110,32,78,16,34,34
"JYA73_RS04185",424,99,341,14,29,30
"JYA73_RS04215",20,112,115,14,23,38
"JYA73_RS04245",238546,173855,121610,26370,38383,52253
"JYA73_RS04315",4852,3639,6996,1007,1819,1758
"JYA73_RS04335",2462,5631,4823,1129,1868,1753
"JYA73_RS04345",1290,2477,5507,544,1017,1053
"JYA73_RS04360",513,1135,731,170,321,341
"JYA73_RS04425",29,30,27,4,4,6
"JYA73_RS04430",144,534,458,43,67,88
"JYA73_RS04435",12,93,60,7,14,16
"JYA73_RS04440",58,222,188,22,16,28
"JYA73_RS04485",684,2812,3747,550,856,1044
"JYA73_RS04520",4542,4833,5946,389,649,629
"JYA73_RS04540",67796,88720,187883,16236,36543,18955
"JYA73_RS04545",203,208,583,31,51,53
"JYA73_RS04550",3555,6429,7938,1222,2065,2129
"JYA73_RS04555",3555,8263,12423,1911,2884,2968
"JYA73_RS04590",9680,2154,5700,803,1370,2090
"JYA73_RS04655",7300,9957,22878,213,381,330
"JYA73_RS04660",18035,24930,61655,582,1101,933
"JYA73_RS04665",8261,8126,22972,179,410,364
"JYA73_RS04700",127,44,195,26,25,41
"JYA73_RS04705",1054,2858,2121,295,459,591
"JYA73_RS04710",942,3517,1900,311,529,596
"JYA73_RS04725",1801,2221,3773,549,698,1452
"JYA73_RS04730",23,37,55,11,4,14
"JYA73_RS04735",582,1040,2031,201,327,436
"JYA73_RS04845",4667,6566,8776,1851,2716,2904
"JYA73_RS04890",176,89,494,38,39,99
"JYA73_RS04900",257,465,808,101,160,118
"JYA73_RS04925",18,48,46,6,9,22
"JYA73_RS04930",18757,25934,82720,7979,11716,16152
"JYA73_RS04935",970,1942,5268,213,342,268
"JYA73_RS04940",1830,3046,8830,523,791,756
"JYA73_RS04945",31,29,88,7,12,10
"JYA73_RS04965",266,139,294,63,72,94
"JYA73_RS04970",455,1022,1953,109,219,203
"JYA73_RS04975",1404,1917,4784,317,413,713
"JYA73_RS05010",1044,612,1495,149,219,292
"JYA73_RS05020",432,323,505,83,118,139
"JYA73_RS05065",365,575,2022,97,153,279
"JYA73_RS05070",49,78,296,13,28,32
"JYA73_RS05075",70,184,457,32,72,77
"JYA73_RS05080",44,223,427,41,62,93
"JYA73_RS05090",33,230,364,38,56,69
"JYA73_RS05095",49,127,224,24,24,45
"JYA73_RS05365",1129,4625,4221,488,825,738
"JYA73_RS05370",3496,7441,11166,1438,2454,2887
"JYA73_RS05375",5386,10740,17291,2487,3972,3958
"JYA73_RS05380",2355,3773,5368,592,888,847
"JYA73_RS05415",6658,228,14171,332,660,759
"JYA73_RS05470",3742,4211,10160,1054,1763,2225
"JYA73_RS05475",1804,2230,4251,457,848,786
"JYA73_RS05525",2476,6826,16139,1536,3372,2106
"JYA73_RS05615",4492,2051,4081,297,480,604
"JYA73_RS05740",1217,1281,3035,428,788,697
"JYA73_RS05785",792,445,928,202,302,455
"JYA73_RS05875",1066,853,2302,230,375,505
"JYA73_RS05880",7226,12903,24953,2544,4313,4897
"JYA73_RS05885",3937,8210,13351,1366,2401,2907
"JYA73_RS05890",128,488,631,92,149,153
"JYA73_RS05895",1921,5985,10145,933,1706,1649
"JYA73_RS05900",721,2378,3669,428,720,788
"JYA73_RS05905",642,1738,2475,205,494,437
"JYA73_RS05935",19073,49363,35935,5400,7952,11140
"JYA73_RS05970",36196,42441,92665,1103,1640,2282
"JYA73_RS05975",73974,111557,209461,4065,7033,7448
"JYA73_RS05980",1013,1560,2412,34,55,86
"JYA73_RS06000",138,117,301,27,19,64
"JYA73_RS06015",23,38,90,7,6,11
"JYA73_RS06105",339,770,377,115,294,128
"JYA73_RS06140",8470,5417,10774,1597,3001,3235
"JYA73_RS06175",202,247,138,17,31,46
"JYA73_RS06180",156,290,565,38,55,154
"JYA73_RS06255",1665,2452,4564,574,1176,943
"JYA73_RS06280",2302,1657,2268,509,803,1128
"JYA73_RS06285",3320,3092,8307,1144,1781,2133
"JYA73_RS06310",31,245,227,18,25,29
"JYA73_RS06355",1259,791,2001,209,312,372
"JYA73_RS06390",573,320,633,123,181,244
"JYA73_RS06440",1235,2131,3646,464,876,944
"JYA73_RS06460",1231,2793,3869,501,836,805
"JYA73_RS06465",1164,2975,4144,719,1180,913
"JYA73_RS06475",114,76,165,4,10,6
"JYA73_RS06505",675,1240,1702,115,198,197
"JYA73_RS06510",533,3334,2512,316,531,455
"JYA73_RS06515",195,1010,915,110,149,232
"JYA73_RS06635",138,113,268,35,61,54
"JYA73_RS06650",165,109,205,38,68,58
"JYA73_RS06890",1749,950,2888,270,399,610
"JYA73_RS06900",324,1214,1516,167,254,306
"JYA73_RS06905",193,806,1116,121,192,262
"JYA73_RS06910",286,1128,1366,197,258,322
"JYA73_RS06990",1463,841,2916,264,548,684
"JYA73_RS07015",104,64,81,10,18,31
"JYA73_RS07020",4436,3014,3623,807,1270,1555
"JYA73_RS07030",172,212,640,70,143,147
"JYA73_RS07140",219,222,312,73,76,112
"JYA73_RS07150",3537,1743,2683,674,938,1505
"JYA73_RS07170",802,393,847,91,169,260
"JYA73_RS07280",1723,4449,7042,969,1609,2089
"JYA73_RS07435",147,384,807,86,171,141
"JYA73_RS07545",364,585,1770,172,216,270
"JYA73_RS07605",1449,644,1027,159,298,681
"JYA73_RS07655",816,2580,3065,344,671,643
"JYA73_RS07660",2844,8354,8287,728,1144,1076
"JYA73_RS07665",4876,8237,17092,2375,4175,4015
"JYA73_RS07755",289,228,265,53,90,78
"JYA73_RS07770",1717,901,2805,375,689,909
"JYA73_RS07795",251,805,1158,146,225,297
"JYA73_RS07800",2361,6696,9391,683,1317,1181
"JYA73_RS07805",3377,6808,8771,1626,2352,2619
"JYA73_RS07845",1503,2011,3247,464,727,941
"JYA73_RS07850",1185,1965,3823,482,792,1003
"JYA73_RS07855",1850,2866,5007,740,1227,1224
"JYA73_RS07870",2075,1061,1863,391,554,841
"JYA73_RS07935",3817,4458,5611,560,960,873
"JYA73_RS08085",1734,2849,4359,657,1130,1113
"JYA73_RS08095",1388,646,2175,300,461,552
"JYA73_RS08110",996,1027,2183,391,535,782
"JYA73_RS08155",5670,5252,7995,885,1622,1997
"JYA73_RS08205",2768,1661,1799,616,842,1411
"JYA73_RS08215",5252,11550,11465,2111,3065,3255
"JYA73_RS08275",869,1335,1706,313,538,525
"JYA73_RS08280",398,619,734,150,261,217
"JYA73_RS08340",12830,11368,17799,2466,3729,4234
"JYA73_RS08375",450,180,372,46,72,69
"JYA73_RS08380",307,263,481,51,124,85
"JYA73_RS08385",339,300,375,53,109,77
"JYA73_RS08390",68,161,73,17,31,45
"JYA73_RS08400",5649,5935,7209,1074,1745,1933
"JYA73_RS08405",3031,5437,8526,785,1289,1340
"JYA73_RS08440",71,38,91,7,16,15
"JYA73_RS08470",176,179,216,49,49,69
"JYA73_RS08500",1566,1929,3332,347,586,637
"JYA73_RS08505",874,1063,2270,214,356,403
"JYA73_RS08535",234,68,45,20,39,31
"JYA73_RS08655",356,733,1031,150,223,361
"JYA73_RS08705",1075,1727,1246,223,240,336
"JYA73_RS08725",3449,5017,8342,1622,2449,2544
"JYA73_RS08735",375,1043,1993,271,348,374
"JYA73_RS08740",2086,1304,3983,423,816,725
"JYA73_RS08765",585,887,712,97,141,164
"JYA73_RS08790",359,1376,1043,59,99,171
"JYA73_RS08795",400,1177,1144,95,166,166
"JYA73_RS08800",2176,1130,2387,197,357,411
"JYA73_RS08990",255,599,1111,124,216,266
"JYA73_RS09080",809,2240,3424,387,701,725
"JYA73_RS09100",196,127,134,30,26,31
"JYA73_RS09150",2944,4553,7027,911,1383,1448
"JYA73_RS09170",426,790,1786,205,327,392
"JYA73_RS09210",83,142,211,41,61,54
"JYA73_RS09215",290,145,432,32,62,75
"JYA73_RS09245",5025,3346,7269,1095,2125,1414
"JYA73_RS09265",3977,4830,9067,899,1628,1819
"JYA73_RS09290",635,698,1995,68,125,147
"JYA73_RS09380",271,151,242,49,106,105
"JYA73_RS09400",128,151,155,25,39,23
"JYA73_RS09420",143,129,449,40,47,59
"JYA73_RS09425",81,57,371,20,29,40
"JYA73_RS09430",927,1428,1457,202,273,325
"JYA73_RS09450",6649,5929,8703,1498,2453,2759
"JYA73_RS09455",2033,2668,2820,498,677,974
"JYA73_RS09505",458,291,202,16,25,35
"JYA73_RS09540",104,86,239,11,24,22
"JYA73_RS09555",227,586,1132,139,205,272
"JYA73_RS09570",572,1744,650,89,177,171
"JYA73_RS09575",962,3770,1248,255,441,371
"JYA73_RS09580",67,303,98,20,26,47
"JYA73_RS09605",114,533,192,65,107,99
"JYA73_RS09610",334,1723,536,191,287,279
"JYA73_RS09665",2037,5099,7177,752,1322,1332
"JYA73_RS09700",354,397,737,80,128,145
"JYA73_RS09705",130,205,197,29,61,87
"JYA73_RS09710",349,641,590,98,195,161
"JYA73_RS09715",311,371,228,26,55,41
"JYA73_RS09725",808,1837,1185,169,259,317
"JYA73_RS09730",284,819,449,71,111,144
"JYA73_RS09780",6404,9674,17851,2540,4279,4573
"JYA73_RS09785",396,970,1603,72,116,113
"JYA73_RS09790",410,1066,1910,59,83,105
"JYA73_RS09795",386,899,2047,46,77,103
"JYA73_RS09800",408,426,1381,23,31,67
"JYA73_RS09805",952,643,2824,176,368,318
"JYA73_RS09900",272,535,1147,113,195,225
"JYA73_RS09905",658,1079,2620,305,524,513
"JYA73_RS09910",1690,2848,7690,475,928,914
"JYA73_RS09915",1499,2483,7748,671,1224,1302
"JYA73_RS09920",747,914,3533,295,512,715
"JYA73_RS09925",3764,2290,5930,886,1555,1765
"JYA73_RS09955",803,397,919,60,100,99
"JYA73_RS09980",1185,1108,2012,253,433,630
"JYA73_RS10020",5591,6043,8050,976,1659,2137
"JYA73_RS10030",2382,3168,6539,572,838,1019
"JYA73_RS10035",209,222,820,41,100,75
"JYA73_RS10040",2203,2072,7393,459,821,878
"JYA73_RS10090",46144,45234,44666,12430,17182,22421
"JYA73_RS10195",148,287,609,60,98,75
"JYA73_RS10220",3929,2835,6251,128,229,281
"JYA73_RS10225",896,1255,2891,268,461,460
"JYA73_RS10230",310,463,1353,81,133,140
"JYA73_RS10235",1471,2406,8919,625,991,1081
"JYA73_RS10260",1449,2366,3963,511,899,899
"JYA73_RS10400",8565,13494,37336,165,236,306
"JYA73_RS10405",27613,42406,135979,566,970,1051
"JYA73_RS10445",978,1348,2399,290,437,579
"JYA73_RS10635",154,69,147,15,30,29
"JYA73_RS10640",1196,780,1459,207,343,462
"JYA73_RS10715",2828,1393,2500,557,888,1073
"JYA73_RS10775",438,195,527,65,93,122
"JYA73_RS10825",122,1027,374,57,117,72
"JYA73_RS10830",659,5239,1505,501,793,611
"JYA73_RS10835",733,359,3867,187,356,361
"JYA73_RS10855",1371,588,1147,144,207,261
"JYA73_RS10860",12958,8287,24903,411,987,577
"JYA73_RS10950",344,458,452,59,117,90
"JYA73_RS10965",1041,459,1001,100,154,206
"JYA73_RS10990",992,1506,2397,259,538,493
"JYA73_RS11020",5959,5237,14764,412,872,732
"JYA73_RS11065",212,223,380,62,107,125
"JYA73_RS11080",625,1134,2059,244,389,353
"JYA73_RS11095",2183,1248,3240,404,680,891
"JYA73_RS11100",1674,2051,2595,439,669,717
"JYA73_RS11115",2028,1138,2358,225,337,360
"JYA73_RS11140",667,511,808,112,176,197
"JYA73_RS11220",3072,905,2048,304,483,790
"JYA73_RS11260",515,186,437,79,130,217
"JYA73_RS11265",18304,13005,27445,3145,6599,5673
"JYA73_RS11270",2607,919,2517,103,131,183
"JYA73_RS11320",265,114,186,15,35,41
"JYA73_RS11325",1192,361,578,58,112,253
"JYA73_RS11335",729,218,662,59,98,155
"JYA73_RS11340",8,5,10,0,2,1
"JYA73_RS11360",797,702,1289,128,202,247
"JYA73_RS11365",259,107,236,18,27,22
"JYA73_RS11370",328,315,547,45,89,99
"JYA73_RS11400",387,507,1378,205,289,347
"JYA73_RS11405",624,1173,2124,217,360,438
"JYA73_RS11430",286,132,113,39,53,39
"JYA73_RS11505",100,352,704,47,58,87
"JYA73_RS11510",102,222,563,36,45,53
"JYA73_RS11535",6128,3795,6447,839,1989,1362
"JYA73_RS11560",3123,5109,8072,1182,2365,1722
"JYA73_RS11565",3510,2762,7956,582,1019,1105
"JYA73_RS11570",1602,2697,3792,557,826,1143
"JYA73_RS11630",4519,3700,13804,859,1641,1184
"JYA73_RS11670",922,447,823,159,248,270
"JYA73_RS11675",1075,1443,2553,161,370,283
"JYA73_RS11680",603,1124,1872,47,88,61
"JYA73_RS11685",521,966,1697,23,40,28
"JYA73_RS11690",531,877,1507,24,24,37
"JYA73_RS11695",880,1542,2178,34,75,57
"JYA73_RS11700",1495,3295,4967,108,176,175
"JYA73_RS11705",449,732,974,13,51,27
"JYA73_RS11710",427,543,760,14,27,15
"JYA73_RS11715",557,534,866,14,26,26
"JYA73_RS11730",4393,4828,6408,930,1757,1572
"JYA73_RS11775",66,205,267,26,55,59
"JYA73_RS11780",102,283,405,38,60,78
"JYA73_RS11785",18,113,64,16,7,14
"JYA73_RS11810",145,1364,607,120,162,253
"JYA73_RS11815",2870,11853,8376,1222,2095,3550
"JYA73_RS11905",38,153,149,18,29,31
"JYA73_RS11910",58,245,199,28,36,58
"JYA73_RS11920",1532,1258,2033,371,627,545
"JYA73_RS11960",121,200,401,41,80,78
"JYA73_RS11975",23,19,44,1,3,2
"JYA73_RS11990",656,782,1211,177,316,325
"JYA73_RS11995",1386,1301,2176,364,735,705
"JYA73_RS12040",173,449,1830,31,56,49
"JYA73_RS12045",1930,1852,2796,509,727,1104
"JYA73_RS12055",1341,599,2485,63,181,118
"JYA73_RS12080",31,23,47,4,18,9
"JYA73_RS12085",236,335,855,58,96,126
"JYA73_RS12090",17,26,104,4,5,12
"JYA73_RS12095",112,211,374,40,67,70
"JYA73_RS12100",453,522,865,146,263,233
"JYA73_RS12170",1873,4943,7620,665,1538,1082
"JYA73_RS12175",3618,6349,23008,1694,2880,2932
"JYA73_RS12180",34572,21200,97628,6571,14088,9542
"JYA73_RS12185",2669,2752,1189,64,163,129
"JYA73_RS12195",166,308,512,57,81,96
"JYA73_RS12280",1947,1062,4990,468,832,977
"JYA73_RS12285",630,375,1379,141,224,375
"JYA73_RS12290",179,215,433,41,51,70
"JYA73_RS12330",731,1173,1145,196,437,561
"JYA73_RS12335",6059,2923,3545,607,1109,1595
"JYA73_RS12340",10764,17881,8549,1000,1988,1675
"JYA73_RS12380",82,36,85,8,20,35
"JYA73_RS12385",3151,5779,10922,368,818,788
"JYA73_RS12390",5030,8400,18338,382,580,772
"JYA73_RS12405",1382,3015,12765,622,1230,1173
"JYA73_RS12420",33519,55555,37751,3278,7769,5319
"JYA73_RS12425",60323,128386,101708,21015,46338,33475
"JYA73_RS12430",1176,999,2741,49,132,108
"JYA73_RS12435",790,2049,3118,249,564,430
"JYA73_RS12440",2671,5551,10687,659,1186,1063
"JYA73_RS12445",18,13,22,4,4,5
"JYA73_RS12510",6281,16718,26683,1274,2452,2414
"JYA73_RS12515",603,811,1926,261,473,474
"JYA73_RS12565",852,1005,1153,228,379,363
"JYA73_RS12580",4279,11684,14537,1780,3220,3032
"JYA73_RS12630",117,272,757,84,124,84
"JYA73_RS12645",21,29,92,4,16,15
"JYA73_RS12675",55,75,99,6,25,21
"JYA73_RS12680",21,41,34,4,5,10
"JYA73_RS12685",7,15,23,0,2,6
"JYA73_RS12705",14,30,56,9,9,10
"JYA73_RS12710",157,73,180,25,53,46
"JYA73_RS12750",161,337,406,74,112,129
"JYA73_RS12755",46,105,119,14,27,25
"JYA73_RS12760",90,213,205,19,45,32
"JYA73_RS12790",84,445,160,45,81,83
"JYA73_RS12805",824,850,3743,163,307,304
"JYA73_RS12810",174,153,373,22,34,48
"JYA73_RS12875",47649,45856,40084,1444,2466,2757
"JYA73_RS12885",308,121,299,48,81,116
"JYA73_RS12890",278,79,186,25,60,76
"JYA73_RS12920",2129,793,2061,267,440,896
"JYA73_RS00015",647,1079,999,1618,2759,2448
"JYA73_RS00045",543,900,1131,1652,2632,3879
"JYA73_RS00155",737,1084,1246,2155,3877,5633
"JYA73_RS00200",95,252,215,286,498,688
"JYA73_RS00225",543,681,257,1529,2091,3342
"JYA73_RS00235",1695,13034,31314,18447,23441,59871
"JYA73_RS00310",29144,43123,20113,36759,57548,96741
"JYA73_RS00345",545,1854,899,8219,15175,17217
"JYA73_RS00365",316,419,632,1094,1684,2421
"JYA73_RS00370",4495,9095,7996,10654,17968,24023
"JYA73_RS00390",26,94,269,156,289,262
"JYA73_RS00510",968,4619,2615,29115,49902,50875
"JYA73_RS00515",238,278,242,1218,1978,2363
"JYA73_RS00520",141,122,26,3569,6884,8522
"JYA73_RS00525",58,246,184,2479,3531,6877
"JYA73_RS00530",8,83,35,547,868,1462
"JYA73_RS00535",17,96,52,691,1262,1889
"JYA73_RS00540",28,96,64,842,1490,1808
"JYA73_RS00545",28,159,121,1075,1957,2793
"JYA73_RS00605",368,652,1039,2161,3668,3804
"JYA73_RS00610",1443,3714,5577,14196,24046,26689
"JYA73_RS00625",2225,1493,1401,19239,42633,20555
"JYA73_RS00630",842,1029,776,9598,24029,12009
"JYA73_RS00635",1669,1856,1555,13914,36080,16512
"JYA73_RS00640",1180,1205,1037,6835,17788,6521
"JYA73_RS00655",504,670,1231,1041,1727,1845
"JYA73_RS00670",38,287,100,300,474,493
"JYA73_RS00675",110,849,311,1006,1467,1759
"JYA73_RS00680",149,702,435,907,1652,1833
"JYA73_RS00705",344,528,721,591,1156,1192
"JYA73_RS00710",283,358,655,473,928,825
"JYA73_RS00715",422,592,1234,1044,1955,2234
"JYA73_RS00720",356,510,1107,708,1505,1663
"JYA73_RS00725",823,848,1792,1223,2236,2270
"JYA73_RS00785",0,0,0,31,51,30
"JYA73_RS00790",660,1600,911,26547,49124,45242
"JYA73_RS00795",916,2323,1175,38869,66967,65114
"JYA73_RS00800",472,1316,615,18884,31967,30223
"JYA73_RS00805",598,2053,909,16736,28579,26666
"JYA73_RS00810",1119,3814,1544,17667,30364,28770
"JYA73_RS00855",470,700,954,986,1722,1983
"JYA73_RS01005",481,643,743,776,1184,1798
"JYA73_RS01060",10191,5737,10354,14098,25905,47298
"JYA73_RS01230",1602,4492,2449,3882,5326,9452
"JYA73_RS01260",359,347,743,1776,4159,2205
"JYA73_RS01265",182,195,414,1225,2337,1731
"JYA73_RS01270",158,203,309,305,600,562
"JYA73_RS01290",3070,5349,3239,4973,14154,6244
"JYA73_RS01315",49,121,171,150,211,297
"JYA73_RS01320",79,214,369,181,324,519
"JYA73_RS01340",220,190,933,3712,7210,4635
"JYA73_RS01345",18,46,156,677,1166,913
"JYA73_RS01350",38,61,200,1129,1678,1378
"JYA73_RS01355",103,130,540,3023,3919,4145
"JYA73_RS01365",39,121,90,152,202,263
"JYA73_RS01380",442,1210,947,1412,1731,2932
"JYA73_RS01385",961,2560,1912,2525,3758,5020
"JYA73_RS01390",447,901,697,883,1273,2389
"JYA73_RS01440",107,122,221,436,636,788
"JYA73_RS01445",179,298,480,757,1093,1290
"JYA73_RS01450",419,378,555,793,1378,1987
"JYA73_RS01460",936,1319,3143,2602,5249,5735
"JYA73_RS01555",8047,10165,2262,12271,24290,55495
"JYA73_RS01585",14678,43397,62555,84599,138448,178502
"JYA73_RS01590",9017,20124,33882,55864,80483,125998
"JYA73_RS01595",762,1604,1757,3038,4266,8252
"JYA73_RS01600",1888,1963,1910,4786,10856,7958
"JYA73_RS01605",1,15,11,101,119,209
"JYA73_RS01620",9945,9189,3167,13604,18640,33032
"JYA73_RS01665",226,303,393,792,945,2062
"JYA73_RS01670",530,801,1036,1443,1957,3882
"JYA73_RS01730",15,14,34,35,48,81
"JYA73_RS01740",26033,6390,492,117518,259704,188145
"JYA73_RS01790",286,825,1432,964,1227,2359
"JYA73_RS01825",2,1,1,247,800,963
"JYA73_RS01830",1,0,0,41,192,58
"JYA73_RS01885",156,674,708,524,929,935
"JYA73_RS02100",11149,15347,6237,24024,43109,50202
"JYA73_RS02105",10350,14634,6862,17805,25782,61306
"JYA73_RS02185",5470,11276,9795,20864,34804,52677
"JYA73_RS02190",161,398,695,401,704,956
"JYA73_RS02195",142,297,552,384,556,820
"JYA73_RS02300",3811,2253,5067,5115,7665,12935
"JYA73_RS02305",5839,3605,6868,8459,13740,13719
"JYA73_RS02315",642,1526,1425,2501,3596,5835
"JYA73_RS02320",1078,3955,3273,6640,8928,14320
"JYA73_RS02325",1391,5463,4306,7865,10121,17239
"JYA73_RS02330",8670,27574,20026,32853,42119,70276
"JYA73_RS02450",29746,37083,81712,53296,109906,95367
"JYA73_RS02465",2823,16808,9277,15530,23188,40147
"JYA73_RS02470",354,639,1314,849,1325,1642
"JYA73_RS02475",549,1325,1937,2148,3515,4749
"JYA73_RS02555",205,319,645,392,693,792
"JYA73_RS02560",1385,3031,2518,5485,9901,13863
"JYA73_RS02565",1615,3691,2582,4111,7831,10000
"JYA73_RS02585",292,447,1097,597,1247,1112
"JYA73_RS02655",508,1263,1780,1285,1691,3872
"JYA73_RS02660",751,2275,2212,2685,4047,5576
"JYA73_RS02665",819,3098,2466,2632,4253,5078
"JYA73_RS02710",602,938,2081,4696,6122,9863
"JYA73_RS02715",1272,1682,2482,3067,4251,8481
"JYA73_RS02780",25743,16826,19356,56278,103487,133617
"JYA73_RS02785",1648,2694,3061,3450,4469,7135
"JYA73_RS02790",2408,4314,2079,24929,37543,76893
"JYA73_RS02815",1,3,0,40,56,48
"JYA73_RS02820",224,687,170,1258,2624,1849
"JYA73_RS02825",20,39,15,46,116,94
"JYA73_RS02835",538,1282,486,954,2406,1428
"JYA73_RS02900",719,1603,2391,2526,3995,5906
"JYA73_RS02920",4667,8043,14748,44642,103778,48426
"JYA73_RS02955",410,611,793,1186,1647,3137
"JYA73_RS02960",383,694,829,1404,1935,3564
"JYA73_RS02965",155,265,341,581,889,1123
"JYA73_RS03105",387,354,591,619,785,1366
"JYA73_RS03120",2052,2733,1974,4275,5751,13472
"JYA73_RS03160",1545,1608,1867,2332,4656,4042
"JYA73_RS03165",2465,3374,4005,4526,7403,8655
"JYA73_RS03180",180,220,457,349,540,592
"JYA73_RS03185",176,219,239,264,433,629
"JYA73_RS03200",224,328,369,1073,1720,2299
"JYA73_RS03205",268,297,504,819,1333,2406
"JYA73_RS03210",856,818,1198,1333,2133,3231
"JYA73_RS03225",1446,3672,1824,11877,18870,25627
"JYA73_RS03230",1932,5842,2499,7516,11585,15625
"JYA73_RS03235",12972,18942,4104,26604,45923,36294
"JYA73_RS03240",9518,13903,2737,21144,38083,26986
"JYA73_RS03245",4167,5870,365,9324,17024,12732
"JYA73_RS03440",172,325,431,357,633,629
"JYA73_RS03480",21843,10928,9867,22445,35037,85014
"JYA73_RS03545",3377,7299,10155,8375,12532,21514
"JYA73_RS03555",2072,6680,6198,6131,10207,13813
"JYA73_RS03580",2641,5299,4870,6852,11032,13052
"JYA73_RS03585",6660,11758,11429,37121,68561,71925
"JYA73_RS03590",1960,3428,4751,16925,32247,30239
"JYA73_RS03595",1554,3311,4326,12435,25367,22104
"JYA73_RS03600",2320,5003,6479,18449,38472,33073
"JYA73_RS03605",18506,33276,34350,70444,129220,126769
"JYA73_RS03660",27,86,78,79,123,226
"JYA73_RS03670",21818,66442,47796,56903,100792,147150
"JYA73_RS03700",158,235,232,421,573,888
"JYA73_RS03705",138,239,245,420,530,1167
"JYA73_RS03730",2145,1742,669,6682,10323,17692
"JYA73_RS03750",483,535,250,636,925,2093
"JYA73_RS03775",3078,3244,3867,5024,7401,14151
"JYA73_RS03780",284,714,1545,2675,4089,5889
"JYA73_RS03785",242,459,754,1256,2296,2804
"JYA73_RS03790",204,264,420,555,901,980
"JYA73_RS03810",19852,17548,2935,25773,34078,111358
"JYA73_RS03865",754,1792,3076,2155,3132,4529
"JYA73_RS03875",925,2995,4476,3006,4451,5530
"JYA73_RS03900",682,952,2558,1348,2200,2899
"JYA73_RS03965",3030,6842,9522,9353,15815,21580
"JYA73_RS03970",1501,2268,4153,7013,10363,13996
"JYA73_RS03975",677,696,1321,1798,2875,2940
"JYA73_RS03980",1240,811,1455,1541,2392,3110
"JYA73_RS04005",2856,5110,6013,5602,10743,8586
"JYA73_RS04010",1188,1967,2255,2792,5019,4700
"JYA73_RS04015",1048,1767,2030,2045,3633,3339
"JYA73_RS04045",3711,7843,6485,52625,72896,121948
"JYA73_RS04050",9317,21027,18803,97729,157611,230616
"JYA73_RS04270",1316,1529,3215,2177,3220,5418
"JYA73_RS04275",642,683,1334,1509,2315,3259
"JYA73_RS04305",8709,33519,15167,25410,41459,43284
"JYA73_RS04330",12838,6302,5997,23470,42564,58724
"JYA73_RS04400",308,527,859,1062,1321,2734
"JYA73_RS04415",9,6,7,20,28,35
"JYA73_RS04595",2360,5208,6015,13984,21819,26672
"JYA73_RS04600",28,196,105,349,583,851
"JYA73_RS04605",103,1768,491,2148,3089,4576
"JYA73_RS04620",86,1680,408,1367,1769,3016
"JYA73_RS04625",231,3806,1069,3861,6103,8815
"JYA73_RS04630",164,3062,905,4058,6478,8699
"JYA73_RS04635",139,2563,796,3106,5137,8140
"JYA73_RS04640",93,1389,385,1515,2876,3586
"JYA73_RS04645",472,5943,2295,7555,11872,16181
"JYA73_RS04650",482,4073,1714,3666,6919,8959
"JYA73_RS04685",1947,5641,2432,7002,9255,17653
"JYA73_RS04745",19322,32878,56054,36196,57683,71750
"JYA73_RS04790",289,666,829,2575,4460,6457
"JYA73_RS04815",2697,2890,2698,6199,11478,11046
"JYA73_RS05125",303,196,435,403,565,776
"JYA73_RS05140",769,3988,4706,3451,5253,6409
"JYA73_RS05155",342,1541,1258,1758,2747,4173
"JYA73_RS05160",2108,4198,4428,4905,7343,7853
"JYA73_RS05165",7790,24711,22787,24903,44234,44689
"JYA73_RS05170",5150,14785,12033,18169,32996,30249
"JYA73_RS05195",1169,1066,221,2063,3891,4349
"JYA73_RS05205",4,6,4,14,42,30
"JYA73_RS05215",11,90,10,286,702,544
"JYA73_RS05220",25,66,12,142,283,192
"JYA73_RS05225",3,2,5,21,13,19
"JYA73_RS05230",725,410,500,1114,1777,2647
"JYA73_RS05235",38727,33978,2460,76693,198659,102616
"JYA73_RS05285",667,346,182,833,1647,1526
"JYA73_RS05300",104,58,146,10103,22477,33364
"JYA73_RS05305",461,505,782,746,1121,1584
"JYA73_RS05310",3736,2767,2337,14460,19908,40905
"JYA73_RS05320",7673,6615,15348,17785,30839,40872
"JYA73_RS05325",6790,9782,24577,16723,27967,46285
"JYA73_RS05460",3018,1653,2474,4242,7979,7858
"JYA73_RS05495",935,725,367,2169,3984,6838
"JYA73_RS05585",2095,1488,2131,3051,7674,5133
"JYA73_RS05590",164,376,426,405,706,1489
"JYA73_RS05650",1823,5277,5377,18568,30387,48068
"JYA73_RS05655",3631,10024,8681,27107,49400,58230
"JYA73_RS05660",10,42,56,56,98,156
"JYA73_RS05790",468,1016,1009,1371,1509,2810
"JYA73_RS05855",290,939,1169,1052,1576,1941
"JYA73_RS05865",14207,38839,46174,42322,63524,97853
"JYA73_RS06040",64,49,126,106,155,215
"JYA73_RS06045",38,25,50,64,78,172
"JYA73_RS06050",49,63,35,131,181,451
"JYA73_RS06110",1849,3790,3508,4191,7615,5791
"JYA73_RS06115",1396,4048,2987,3832,7460,4784
"JYA73_RS06120",1358,4294,3097,3546,6864,3966
"JYA73_RS06125",1596,4065,3322,3606,6807,5613
"JYA73_RS06160",105,262,392,431,758,953
"JYA73_RS06225",9685,56890,18390,46223,70123,108560
"JYA73_RS06275",1545,2466,4024,3443,5910,6595
"JYA73_RS06300",736,1070,1554,2016,3632,3407
"JYA73_RS06305",1022,2297,2205,2395,3498,4118
"JYA73_RS06395",3430,4879,6633,9134,14035,15894
"JYA73_RS06400",47,79,189,124,261,222
"JYA73_RS06405",31,82,179,313,594,517
"JYA73_RS06410",21,46,109,382,693,535
"JYA73_RS06415",25,35,75,377,725,689
"JYA73_RS06420",30,55,165,5736,13135,9814
"JYA73_RS06490",116,257,251,226,275,889
"JYA73_RS06495",1024,3034,2415,3066,4841,4914
"JYA73_RS06525",2072,4911,3310,4547,8331,8936
"JYA73_RS06530",6793,18231,15467,22792,33170,45292
"JYA73_RS06535",18909,41919,36529,53602,83271,107160
"JYA73_RS06585",2563,5782,5015,4892,8406,10333
"JYA73_RS06590",985,3073,2989,3110,5128,6592
"JYA73_RS06595",2055,4991,5854,6165,10293,13968
"JYA73_RS06605",1249,3163,2769,3060,4433,5896
"JYA73_RS06705",1246,5170,5733,8781,13537,18651
"JYA73_RS06710",755,2249,2985,4580,6389,8599
"JYA73_RS06775",11728,10714,8290,17598,31056,45502
"JYA73_RS06835",33394,16277,20495,112824,213058,261554
"JYA73_RS06850",11898,21405,24482,25406,38876,51038
"JYA73_RS06865",532,681,1406,1259,2341,2222
"JYA73_RS06875",5611,19765,14380,39615,56250,99427
"JYA73_RS06970",866,1371,1769,4489,6524,9769
"JYA73_RS07005",482,1311,517,1520,2318,3101
"JYA73_RS07010",139,194,104,429,669,876
"JYA73_RS07035",6135,9773,14009,13521,20091,32693
"JYA73_RS07040",604,1358,1608,3231,4693,7978
"JYA73_RS07085",1447,1385,1739,2621,3641,4588
"JYA73_RS07155",550,2583,2257,23054,32687,42123
"JYA73_RS07160",308,1739,1644,12716,16652,21495
"JYA73_RS07165",161,806,794,5154,6114,10877
"JYA73_RS07235",1293,2359,3432,2875,4391,5339
"JYA73_RS07240",574,660,1185,1854,3322,3964
"JYA73_RS07255",12856,15377,14414,19336,27523,53062
"JYA73_RS07305",1305,2914,4129,2924,4382,5978
"JYA73_RS07310",861,1222,1904,1994,3122,4638
"JYA73_RS07340",1006,3390,2435,2817,4104,5883
"JYA73_RS07345",1505,4432,3086,4454,6890,12387
"JYA73_RS07350",5787,13945,14415,42271,74390,72631
"JYA73_RS07355",4716,10191,11058,38446,77811,68374
"JYA73_RS07360",2768,4335,4648,22065,44043,38977
"JYA73_RS07390",6072,22664,17986,22075,34349,47956
"JYA73_RS07395",1003,3481,3309,4902,6370,11695
"JYA73_RS07400",1444,4433,3590,6600,8283,11666
"JYA73_RS07590",508,1956,1498,6053,7583,14050
"JYA73_RS07610",2119,3391,4630,4779,8975,9832
"JYA73_RS07620",1,5,15,14,15,34
"JYA73_RS07860",540,1534,1135,1546,2307,3689
"JYA73_RS07915",2282,4553,7415,12738,19771,22612
"JYA73_RS07920",1045,1140,2741,8454,14337,19310
"JYA73_RS07925",3109,13578,12738,30781,43847,74481
"JYA73_RS07930",1495,5899,8226,16264,23085,35098
"JYA73_RS07980",6595,2923,3417,7603,14736,17629
"JYA73_RS07985",3407,3093,1811,5699,9789,15167
"JYA73_RS08000",2550,2871,6561,20286,37040,33992
"JYA73_RS08005",94558,55360,22349,117583,206580,297157
"JYA73_RS08015",1147,4512,3906,3803,5290,7924
"JYA73_RS08125",4156,8197,9523,27465,42868,55827
"JYA73_RS08130",1341,3228,2095,19097,24439,48650
"JYA73_RS08165",1818,9746,4457,11927,15835,30300
"JYA73_RS08170",18741,23928,10428,31942,47287,71054
"JYA73_RS08180",3622,12499,18510,12205,20965,21875
"JYA73_RS08185",524,1284,2398,1702,2552,3260
"JYA73_RS08195",728,1096,1190,1237,1840,3615
"JYA73_RS08200",1176,2016,2824,3473,5635,8651
"JYA73_RS08235",3973,5249,2804,6728,7508,16111
"JYA73_RS08300",1760,2500,1814,10674,16125,26606
"JYA73_RS08305",1130,2057,2357,5311,9326,7315
"JYA73_RS08310",3616,7280,9618,20315,35282,29764
"JYA73_RS08315",1942,3595,5070,10440,17525,14440
"JYA73_RS08320",4861,7732,11434,22773,40158,29982
"JYA73_RS08325",422,1222,605,1634,2241,3318
"JYA73_RS08395",837,1252,1231,3629,4850,8541
"JYA73_RS08410",8323,11337,8745,16939,30698,27100
"JYA73_RS08415",145,297,515,439,735,1023
"JYA73_RS08420",101,218,419,408,521,910
"JYA73_RS08430",294,703,903,1381,2132,2555
"JYA73_RS08435",533,1220,1720,1838,2642,3419
"JYA73_RS08445",48,307,429,5918,10958,14756
"JYA73_RS08450",174,1380,1471,18214,39853,29084
"JYA73_RS08455",2,43,35,294,458,517
"JYA73_RS08460",46,71,160,385,575,442
"JYA73_RS08465",117,168,345,516,974,625
"JYA73_RS08595",14,33,30,36,58,82
"JYA73_RS08600",42,75,98,164,239,333
"JYA73_RS08760",3275,3609,6278,5199,7754,10424
"JYA73_RS08775",5342,12509,5295,13302,15643,30905
"JYA73_RS09025",4458,5084,3332,7813,12015,17376
"JYA73_RS09065",2796,6627,2892,6237,9382,11825
"JYA73_RS09120",2694,2967,3170,7120,9918,16866
"JYA73_RS09135",341,522,777,747,1160,2185
"JYA73_RS09260",183,405,482,585,865,1185
"JYA73_RS09295",257,190,294,369,246,1488
"JYA73_RS09320",3488,2935,3640,9824,14444,23728
"JYA73_RS09340",1600,2179,4019,3477,6429,4172
"JYA73_RS09345",333,357,722,708,1031,1776
"JYA73_RS09415",600,1509,527,1165,1780,2355
"JYA73_RS09435",2061,4871,5238,3743,6455,8668
"JYA73_RS09465",108076,17013,33057,259768,630327,222428
"JYA73_RS09470",15063,13546,27407,41810,89501,40411
"JYA73_RS09475",2441,2836,5726,8078,17404,10082
"JYA73_RS09480",16065,22531,41617,58574,119845,57589
"JYA73_RS09485",11537,17305,32471,36299,90339,38425
"JYA73_RS09510",4,13,10,20,31,80
"JYA73_RS09515",23,53,76,79,100,117
"JYA73_RS09755",7751,4524,2733,30594,48607,70633
"JYA73_RS09765",66,57,256,113,163,435
"JYA73_RS09830",732,1311,1249,1628,2601,2955
"JYA73_RS09835",5799,8800,11691,9751,20334,15280
"JYA73_RS09840",14170,27957,37743,32018,67928,48864
"JYA73_RS09845",8821,17922,25186,21988,39937,29071
"JYA73_RS09850",10660,22661,32279,26601,50557,39074
"JYA73_RS09855",4239,9343,12617,11723,20423,15063
"JYA73_RS09860",3555,7472,10572,9194,17290,12427
"JYA73_RS09865",1105,1890,3056,2559,4865,5857
"JYA73_RS09870",6360,10268,13354,13561,27309,20355
"JYA73_RS09875",3060,4882,5437,6632,11106,10520
"JYA73_RS09880",6316,13879,11666,23436,40525,33995
"JYA73_RS09885",2291,5820,4868,8471,16631,12900
"JYA73_RS09890",7214,16701,15279,29550,52180,48698
"JYA73_RS09895",3320,6487,5701,11485,21059,18385
"JYA73_RS09970",238,529,973,562,921,1294
"JYA73_RS10000",2534,2672,2935,6076,10472,10643
"JYA73_RS10005",2728,4646,5514,11890,19675,27073
"JYA73_RS10010",733,1540,1982,3227,5924,9038
"JYA73_RS10045",920,1178,573,3508,4994,12602
"JYA73_RS10075",50,82,77,114,129,136
"JYA73_RS10095",70,119,182,133,217,259
"JYA73_RS10100",151,508,402,587,871,1101
"JYA73_RS10125",960,1289,1205,3565,5106,8760
"JYA73_RS10250",1125,3195,4010,3402,5043,6726
"JYA73_RS10265",21055,64243,12064,94907,146031,294594
"JYA73_RS10270",3685,13292,2265,28290,43719,72497
"JYA73_RS10275",10119,30339,5131,76834,117944,177854
"JYA73_RS10280",1450,6440,1388,5822,9616,11374
"JYA73_RS10290",2567,4315,4092,6636,11051,20294
"JYA73_RS10295",439,1307,1583,1294,1663,3247
"JYA73_RS10305",300,280,330,468,615,955
"JYA73_RS10310",36,42,52,60,67,140
"JYA73_RS10315",106,96,108,137,178,267
"JYA73_RS10320",99,101,81,149,177,368
"JYA73_RS10325",71,71,57,106,156,294
"JYA73_RS10330",69,63,50,107,136,332
"JYA73_RS10350",126,319,245,450,504,650
"JYA73_RS10355",67,154,168,243,279,529
"JYA73_RS10360",0,4,4,10,12,7
"JYA73_RS10365",1163,3942,3627,14325,21141,27675
"JYA73_RS10390",434,1300,2159,1793,2411,3352
"JYA73_RS10415",53,29,52,64,75,226
"JYA73_RS10450",2132,4491,6553,5052,9608,6860
"JYA73_RS10455",7510,16908,23148,20351,38217,30396
"JYA73_RS10460",2378,5216,6996,6956,12490,8853
"JYA73_RS10465",2360,5495,7494,6512,12321,11706
"JYA73_RS10470",651,1420,2194,1719,2620,5404
"JYA73_RS10475",935,1933,2463,2356,4249,3481
"JYA73_RS10480",4953,10867,14652,10428,21047,18265
"JYA73_RS10485",13842,23480,31838,27704,51754,41298
"JYA73_RS10490",2874,4478,6669,5881,11260,9573
"JYA73_RS10595",2252,2271,1500,16382,21752,34039
"JYA73_RS10770",217,561,559,566,855,2219
"JYA73_RS10820",1126,1381,1193,1827,3238,6105
"JYA73_RS10865",3885,3991,4713,9797,16310,18920
"JYA73_RS10890",15108,48971,36560,47782,81617,104718
"JYA73_RS10895",2218,3118,5805,3895,6043,9654
"JYA73_RS10900",456,709,1159,2910,4481,7778
"JYA73_RS10970",1136,1952,2024,1511,2353,5958
"JYA73_RS10995",616,1723,596,11567,20354,20822
"JYA73_RS11000",400,1254,355,10076,16378,25111
"JYA73_RS11005",207,212,252,390,529,855
"JYA73_RS11010",57,104,63,117,154,202
"JYA73_RS11015",1979,3657,917,10997,18850,40919
"JYA73_RS11085",584,829,1173,1079,1640,2409
"JYA73_RS11105",78,112,319,262,522,519
"JYA73_RS11110",18,20,64,77,134,156
"JYA73_RS11175",6631,12608,10256,13621,19946,33499
"JYA73_RS11190",6689,9513,5257,25576,37973,52922
"JYA73_RS11245",193,101,198,265,279,618
"JYA73_RS11255",963,828,408,3455,5205,6042
"JYA73_RS11410",643,2016,2168,1786,2832,3471
"JYA73_RS11415",661,2137,2412,1948,2740,3260
"JYA73_RS11420",441,1462,2058,1928,3030,3279
"JYA73_RS11425",867,1684,4153,2967,4875,5727
"JYA73_RS11450",1069,1696,169,3250,7992,5727
"JYA73_RS11455",296,292,87,6502,13625,8863
"JYA73_RS11460",193,188,36,673,1406,961
"JYA73_RS11465",490,366,175,1472,3334,1956
"JYA73_RS11525",2997,2791,6448,6311,11520,11708
"JYA73_RS11530",6347,5098,12759,11572,17883,24094
"JYA73_RS11555",958,2292,1453,1887,3693,3147
"JYA73_RS11595",2283,2999,4412,4380,8418,7551
"JYA73_RS11600",2517,5021,7235,6556,11639,11260
"JYA73_RS11605",875,1926,2844,2350,4135,4085
"JYA73_RS11625",234,315,748,423,649,1024
"JYA73_RS11645",473,698,352,810,1551,1884
"JYA73_RS11725",284,1089,500,1562,2486,5239
"JYA73_RS11735",2699,1908,498,7216,12258,13156
"JYA73_RS11745",458,1103,1091,4834,6041,18807
"JYA73_RS11750",163,178,122,320,462,854
"JYA73_RS11755",34,59,40,52,69,125
"JYA73_RS11860",942,1678,1050,1494,2751,2928
"JYA73_RS11870",136,231,157,226,426,482
"JYA73_RS11895",398,1000,1457,1986,4441,3390
"JYA73_RS11915",578,1810,1711,2028,3257,3521
"JYA73_RS11925",25,34,67,105,121,322
"JYA73_RS11930",17,14,40,85,133,391
"JYA73_RS11950",838,1629,2376,11545,14126,32759
"JYA73_RS11955",2335,2256,8336,12411,23718,16772
"JYA73_RS12000",33,22,43,406,1062,632
"JYA73_RS12025",274,514,418,2969,5055,6996
"JYA73_RS12030",4861,13597,20089,16088,29060,38575
"JYA73_RS12035",1642,4208,7493,9407,19295,20169
"JYA73_RS12050",19079,4374,9917,31590,54188,80797
"JYA73_RS12065",1146,1857,2693,2508,4290,4349
"JYA73_RS12070",680,994,1117,1626,2541,8268
"JYA73_RS12110",3436,5597,4409,10581,19926,21437
"JYA73_RS12130",601,925,288,1077,1541,2316
"JYA73_RS12150",2097,7819,2520,5894,10758,11378
"JYA73_RS12155",2402,8957,2753,10494,18022,24161
"JYA73_RS12160",2632,8810,2774,15241,22215,32754
"JYA73_RS12165",754,954,460,4450,5366,10394
"JYA73_RS12235",226,667,622,914,1315,1814
"JYA73_RS12240",965,2302,972,3014,5639,6729
"JYA73_RS12260",12,28,23,33,46,52
"JYA73_RS12265",2,27,10,27,30,76
"JYA73_RS12270",9,21,23,34,54,114
"JYA73_RS12275",1276,1597,467,1341,2490,4697
"JYA73_RS12295",2003,2219,2753,5347,9193,11859
"JYA73_RS12305",144,314,314,647,1283,987
"JYA73_RS12375",419,422,211,1608,2110,5294
"JYA73_RS12450",315,599,891,1254,2394,1870
"JYA73_RS12455",36,106,169,265,509,1228
"JYA73_RS12490",48,84,200,231,500,418
"JYA73_RS12535",149,218,563,502,959,1037
"JYA73_RS12550",25,92,130,213,346,570
"JYA73_RS12555",2600,5957,6909,20058,26739,71013
"JYA73_RS12590",1841,3362,3482,3915,6018,10295
"JYA73_RS12610",1794,3519,3658,6094,10307,14999
"JYA73_RS12655",579,643,330,997,1527,2366
"JYA73_RS12715",650,2927,2910,42467,96099,57038
"JYA73_RS12730",144,227,332,231,422,645
"JYA73_RS12735",61,93,135,91,178,237
"JYA73_RS12795",2262,4263,1193,8465,13912,19715
"JYA73_RS12800",316,231,404,742,1078,1769
"JYA73_RS12815",798,820,697,1254,1870,2405
"JYA73_RS12830",90,187,106,339,460,731
"JYA73_RS12880",532,293,530,6093,8267,16428
